sequence,inequality,meas,0,1,2,3,4,5,6,7,8,9,pMeas
ALAEHISDSI,<,1.0,A,L,A,E,H,I,S,D,S,I,-0.0
ALLFLMSFTI,<,1.0,A,L,L,F,L,M,S,F,T,I,-0.0
AVLSEYETMV,<,1.0,A,V,L,S,E,Y,E,T,M,V,-0.0
FLAPLPIHTA,<,1.0,F,L,A,P,L,P,I,H,T,A,-0.0
FLCLFLLPSL,<,1.0,F,L,C,L,F,L,L,P,S,L,-0.0
FLEQQNKILL,<,1.0,F,L,E,Q,Q,N,K,I,L,L,-0.0
FLMSFTILCL,<,1.0,F,L,M,S,F,T,I,L,C,L,-0.0
FLPQIGGEAI,<,1.0,F,L,P,Q,I,G,G,E,A,I,-0.0
FLTNKLLLFA,<,1.0,F,L,T,N,K,L,L,L,F,A,-0.0
FSTSAYLISI,<,1.0,F,S,T,S,A,Y,L,I,S,I,-0.0
FVATFRDMLL,<,1.0,F,V,A,T,F,R,D,M,L,L,-0.0
GIADIRDKYM,<,1.0,G,I,A,D,I,R,D,K,Y,M,-0.0
GLFDINVIGL,<,1.0,G,L,F,D,I,N,V,I,G,L,-0.0
GLFGAIAGFI,<,1.0,G,L,F,G,A,I,A,G,F,I,-0.0
ILRNYLRLYI,<,1.0,I,L,R,N,Y,L,R,L,Y,I,-0.0
LIANIFTPLV,<,1.0,L,I,A,N,I,F,T,P,L,V,-0.0
LLALLSCISV,<,1.0,L,L,A,L,L,S,C,I,S,V,-0.0
LLLEWLAEVV,<,1.0,L,L,L,E,W,L,A,E,V,V,-0.0
LLVPFVQWFV,<,1.0,L,L,V,P,F,V,Q,W,F,V,-0.0
LMANLAPHLL,<,1.0,L,M,A,N,L,A,P,H,L,L,-0.0
LMIGNYFSGV,<,1.0,L,M,I,G,N,Y,F,S,G,V,-0.0
LMSFTILCLV,<,1.0,L,M,S,F,T,I,L,C,L,V,-0.0
LVFLWLLWPV,<,1.0,L,V,F,L,W,L,L,W,P,V,-0.0
MLHNPTSETM,<,1.0,M,L,H,N,P,T,S,E,T,M,-0.0
MLLTFLTSLL,<,1.0,M,L,L,T,F,L,T,S,L,L,-0.0
NLFDIPLLTV,<,1.0,N,L,F,D,I,P,L,L,T,V,-0.0
NVISKIYTLI,<,1.0,N,V,I,S,K,I,Y,T,L,I,-0.0
QLFNHTMFIL,<,1.0,Q,L,F,N,H,T,M,F,I,L,-0.0
QMAGVEVRYI,<,1.0,Q,M,A,G,V,E,V,R,Y,I,-0.0
RLLPSLLLLL,<,1.0,R,L,L,P,S,L,L,L,L,L,-0.0
SLFLPAILGV,<,1.0,S,L,F,L,P,A,I,L,G,V,-0.0
SVDVDIYDAV,<,1.0,S,V,D,V,D,I,Y,D,A,V,-0.0
TIAGGVCYYL,<,1.0,T,I,A,G,G,V,C,Y,Y,L,-0.0
TLACFVLAAV,<,1.0,T,L,A,C,F,V,L,A,A,V,-0.0
TLIDFYLCFL,<,1.0,T,L,I,D,F,Y,L,C,F,L,-0.0
VLAALVCYIV,<,1.0,V,L,A,A,L,V,C,Y,I,V,-0.0
VMFNGVTFST,<,1.0,V,M,F,N,G,V,T,F,S,T,-0.0
VMYAFTTPLI,<,1.0,V,M,Y,A,F,T,T,P,L,I,-0.0
VMYASALVLL,<,1.0,V,M,Y,A,S,A,L,V,L,L,-0.0
WISDNTHIYL,<,1.0,W,I,S,D,N,T,H,I,Y,L,-0.0
WMLLTFLTSL,<,1.0,W,M,L,L,T,F,L,T,S,L,-0.0
YIFFASFYYI,<,1.0,Y,I,F,F,A,S,F,Y,Y,I,-0.0
YLMCLSPLMA,<,1.0,Y,L,M,C,L,S,P,L,M,A,-0.0
YLYNKYSFKL,<,1.0,Y,L,Y,N,K,Y,S,F,K,L,-0.0
YLYTEYFLFL,<,1.0,Y,L,Y,T,E,Y,F,L,F,L,-0.0
YMVTDKTAYI,<,1.0,Y,M,V,T,D,K,T,A,Y,I,-0.0
YTYSGLFCVV,<,1.0,Y,T,Y,S,G,L,F,C,V,V,-0.0
SLYSILSPFL,=,1.001851,S,L,Y,S,I,L,S,P,F,L,-0.0008031360127199746
FVFNGTSWFI,=,1.01489,F,V,F,N,G,T,S,W,F,I,-0.006418973301598019
TLLIKTLSPA,=,1.047865,T,L,L,I,K,T,L,S,P,A,-0.020305334621343547
FLFWFLKSGA,=,1.065582,F,L,F,W,F,L,K,S,G,A,-0.027586875708827674
LLQDSVDFSL,=,1.102358,L,L,Q,D,S,V,D,F,S,L,-0.04232265819588379
QMLSVVGFLV,=,1.165714,Q,M,L,S,V,V,G,F,L,V,-0.06659201229486528
ALVCYIVMPV,=,1.197252,A,L,V,C,Y,I,V,M,P,V,-0.07818557120074955
NSLILLECFV,=,1.210267,N,S,L,I,L,L,E,C,F,V,-0.08288119166767997
ILFFAYVMNI,=,1.2278790000000002,I,L,F,F,A,Y,V,M,N,I,-0.08915557183654273
SLLDAHIPQL,=,1.291666,S,L,L,D,A,H,I,P,Q,L,-0.11115022797061815
ALYSPPLISI,=,1.423111,A,L,Y,S,P,P,L,I,S,I,-0.15323877556385326
NLKERYYSGL,=,1.571242,N,L,K,E,R,Y,Y,S,G,L,-0.19624307948338562
NMINKLYGYA,=,1.57207,N,M,I,N,K,L,Y,G,Y,A,-0.19647188008563776
FTYASALWEI,=,1.602119,F,T,Y,A,S,A,L,W,E,I,-0.2046947708767782
LVLQAGFFLL,=,1.6565310000000002,L,V,L,Q,A,G,F,F,L,L,-0.21919956759676848
LLGLWGLATA,=,1.690193,L,L,G,L,W,G,L,A,T,A,-0.2279362987256656
RMVSLVTSFL,=,1.736034,R,M,V,S,L,V,T,S,F,L,-0.2395582265246831
NLYDHALMSI,=,1.75,N,L,Y,D,H,A,L,M,S,I,-0.24303804868629442
LMYKGLPWNV,=,1.751038,L,M,Y,K,G,L,P,W,N,V,-0.2432955709899223
LLGLWVFAAL,=,1.854638,L,L,G,L,W,V,F,A,A,L,-0.26825915387315513
QLMYDIINSV,=,1.8678830000000002,Q,L,M,Y,D,I,I,N,S,V,-0.2713496695141289
KLYGYASLTT,=,1.879575,K,L,Y,G,Y,A,S,L,T,T,-0.27405965989089426
RLIVYPDLGV,=,1.906886,R,L,I,V,Y,P,D,L,G,V,-0.2803247302506039
LLGLWGTAAL,=,1.934319,L,L,G,L,W,G,T,A,A,L,-0.286528097728047
YLLGDSDSVA,=,1.9732630000000002,Y,L,L,G,D,S,D,S,V,A,-0.29518497265042576
ALMDCIIFES,=,2.133033,A,L,M,D,C,I,I,F,E,S,-0.3289975744400709
FSTSFYLISI,=,2.1375740000000003,F,S,T,S,F,Y,L,I,S,I,-0.3299211583641262
FVLALYSPPL,=,2.189378,F,V,L,A,L,Y,S,P,P,L,-0.3403207497551404
FMRDEVSFSV,=,2.211031,F,M,R,D,E,V,S,F,S,V,-0.3445948316942987
MMMGMFNMLS,=,2.227395,M,M,M,G,M,F,N,M,L,S,-0.34779724043263727
KVLSIMAFIL,=,2.323571,K,V,L,S,I,M,A,F,I,L,-0.366155947500107
FLAFVVFLLV,=,2.3583540000000003,F,L,A,F,V,V,F,L,L,V,-0.372608995291492
LLWFLTGTFV,=,2.4226900000000002,L,L,W,F,L,T,G,T,F,V,-0.384297846699402
RMFRWLVLRI,=,2.442970345,R,M,F,R,W,L,V,L,R,I,-0.3879181951432979
FICNLLLLFV,=,2.467666,F,I,C,N,L,L,L,L,F,V,-0.3922863773332025
RLPVICSFLV,=,2.5,R,L,P,V,I,C,S,F,L,V,-0.3979400086720376
IIIPFIAYFV,=,2.6138692409999997,I,I,I,P,F,I,A,Y,F,V,-0.4172838581746917
LLFLAFVVFL,=,2.639735,L,L,F,L,A,F,V,V,F,L,-0.4215603307280546
FLWLLWPVTL,=,2.673045,F,L,W,L,L,W,P,V,T,L,-0.4270062700499087
LLTACTIFYI,=,2.721094,L,L,T,A,C,T,I,F,Y,I,-0.43474354471109367
YLISIFLHLV,=,2.727273,Y,L,I,S,I,F,L,H,L,V,-0.43572861299088333
YQNEVTPEYI,=,2.7354830000000003,Y,Q,N,E,V,T,P,E,Y,I,-0.437034020144695
GLISCVINFV,=,2.824409,G,L,I,S,C,V,I,N,F,V,-0.45092758670749944
LMIFISSFLL,=,2.926516,L,M,I,F,I,S,S,F,L,L,-0.4663509028539974
FISPASISSV,=,3.0104490000000004,F,I,S,P,A,S,I,S,S,V,-0.4786312742250504
FLIVAALVFL,=,3.019559,F,L,I,V,A,A,L,V,F,L,-0.4799435198274619
GLLPSLLLLL,=,3.055675,G,L,L,P,S,L,L,L,L,L,-0.48510716102523466
IMMNERDVSV,=,3.216009,I,M,M,N,E,R,D,V,S,V,-0.5073172554510617
MLPESDLDKV,=,3.231753,M,L,P,E,S,D,L,D,K,V,-0.5094381606309429
ALDGVLSTFV,=,3.2550310000000002,A,L,D,G,V,L,S,T,F,V,-0.5125551290224378
YLCRHCLNLL,=,3.345714423,Y,L,C,R,H,C,L,N,L,L,-0.524488868542625
LMLKATLLCV,=,3.3937180000000002,L,M,L,K,A,T,L,L,C,V,-0.5306757519085564
LLCGALIAFL,=,3.452846,L,L,C,G,A,L,I,A,F,L,-0.538177208861567
FLLAQFTSAI,=,3.5652160000000004,F,L,L,A,Q,F,T,S,A,I,-0.5520858468853174
RILHNFAYSL,=,3.612664,R,I,L,H,N,F,A,Y,S,L,-0.5578275713849125
LMDSIFVSTM,=,3.6548190000000003,L,M,D,S,I,F,V,S,T,M,-0.5628658739757799
LIVNSVLLFL,=,3.6740120000000003,L,I,V,N,S,V,L,L,F,L,-0.5651405704578875
SLEYGANYFL,=,3.6873110000000002,S,L,E,Y,G,A,N,Y,F,L,-0.5667097689833264
KLSGLGLNAV,=,3.9,K,L,S,G,L,G,L,N,A,V,-0.5910646070264991
ILRGTSFVYV,=,3.900697,I,L,R,G,T,S,F,V,Y,V,-0.591142216310565
LLGLWGLAAL,=,3.995347,L,L,G,L,W,G,L,A,A,L,-0.6015545042109107
FQVDCFLWHV,=,4.0,F,Q,V,D,C,F,L,W,H,V,-0.6020599913279623
LLFNILGGWV,=,4.027213,L,L,F,N,I,L,G,G,W,V,-0.6050046001260078
SLGKSPLPSL,=,4.067005,S,L,G,K,S,P,L,P,S,L,-0.6092747063291202
SLYASSPGGV,=,4.249994999999999,S,L,Y,A,S,S,P,G,G,V,-0.6283884191153263
QLKDKADFCI,=,4.265461,Q,L,K,D,K,A,D,F,C,I,-0.6299659754652513
FVPSDYFPSV,=,4.3,F,V,P,S,D,Y,F,P,S,V,-0.6334684555795864
VLAGGVLAAV,=,4.331859,V,L,A,G,G,V,L,A,A,V,-0.6366743120995126
LLVTLAILTA,=,4.387799,L,L,V,T,L,A,I,L,T,A,-0.6422467248301502
SLSTFQQMWI,=,4.524928,S,L,S,T,F,Q,Q,M,W,I,-0.6556116731652063
TLLCVLAALV,=,4.6070839999999995,T,L,L,C,V,L,A,A,L,V,-0.6634261307254178
QLYKEQLAKL,=,4.634598,Q,L,Y,K,E,Q,L,A,K,L,-0.6660120698821937
LLPDALLFTL,=,4.723478,L,L,P,D,A,L,L,F,T,L,-0.674261896933497
YVASYLLAAL,=,4.725618,Y,V,A,S,Y,L,L,A,A,L,-0.6744586120916799
ALRTDYNASV,=,4.945757,A,L,R,T,D,Y,N,A,S,V,-0.6942327743480339
FLHEMDVVSL,=,4.977686,F,L,H,E,M,D,V,V,S,L,-0.6970274971804907
RLQQELDDLL,=,5.037173,R,L,Q,Q,E,L,D,D,L,L,-0.7021868668106884
NLAPHLLLIV,=,5.099235,N,L,A,P,H,L,L,L,I,V,-0.7075050270393493
GIAIFNNRNL,=,5.11886,G,I,A,I,F,N,N,R,N,L,-0.7091732518282468
GLYNFATCGL,=,5.121951,G,L,Y,N,F,A,T,C,G,L,-0.7094354194015626
RLLAPITAYA,=,5.16247,R,L,L,A,P,I,T,A,Y,A,-0.7128575409119511
FLQISRVNDL,=,5.176016000000001,F,L,Q,I,S,R,V,N,D,L,-0.7139956101453755
LILSCIFAFI,=,5.217622,L,I,L,S,C,I,F,A,F,I,-0.7174726126598384
FLPKDYFPSV,=,5.2439,F,L,P,K,D,Y,F,P,S,V,-0.7196544011983893
ALMDCIMFDA,=,5.25,A,L,M,D,C,I,M,F,D,A,-0.7201593034059568
KLSGLGFNAV,=,5.3791519999999995,K,L,S,G,L,G,F,N,A,V,-0.7307138164195234
FLPSKYFPSV,=,5.7333300000000005,F,L,P,S,K,Y,F,P,S,V,-0.7584069396910212
KLPSDYFPSV,=,5.7333300000000005,K,L,P,S,D,Y,F,P,S,V,-0.7584069396910212
SVLLFLAFVV,=,5.758099,S,V,L,L,F,L,A,F,V,V,-0.7602791275069979
AIAACAMLLV,=,5.901192,A,I,A,A,C,A,M,L,L,V,-0.770939744987079
NLVIGFLFLA,=,5.938839,N,L,V,I,G,F,L,F,L,A,-0.7737015518539956
VLKEGSEYRV,=,6.02755136,V,L,K,E,G,S,E,Y,R,V,-0.7801409196334081
ILMIFISSFL,=,6.110269000000001,I,L,M,I,F,I,S,S,F,L,-0.7860603301515596
LLIGLIIPPL,=,6.119994,L,L,I,G,L,I,I,P,P,L,-0.7867509963664485
FLPSDKFPSV,=,6.14286,F,L,P,S,D,K,F,P,S,V,-0.7883706175627161
FLPSDYFPSI,=,6.14286,F,L,P,S,D,Y,F,P,S,I,-0.7883706175627161
FSMELPSFGV,=,6.14290892,F,S,M,E,L,P,S,F,G,V,-0.7883740761473913
SMSQELAELL,=,6.185835,S,M,S,Q,E,L,A,E,L,L,-0.7913983315182416
YLSGTDDEVI,=,6.261638,Y,L,S,G,T,D,D,E,V,I,-0.796687956422571
YLLSGAGEHL,=,6.304742,Y,L,L,S,G,A,G,E,H,L,-0.7996673192566198
STQWSLFFFV,=,6.507104,S,T,Q,W,S,L,F,F,F,V,-0.8133877479149187
FIPSYDFPSV,=,6.51515,F,I,P,S,Y,D,F,P,S,V,-0.8139244190389893
SMYGKAFNHA,=,6.581542999999999,S,M,Y,G,K,A,F,N,H,A,-0.8183277230709798
LLGMWGIAAL,=,6.621841000000001,L,L,G,M,W,G,I,A,A,L,-0.8209787485012738
ILCWGELMTL,=,6.739008,I,L,C,W,G,E,L,M,T,L,-0.8285959719309534
ILATLNTLIT,=,6.954428,I,L,A,T,L,N,T,L,I,T,-0.842261415182204
ATFRDMLLNV,=,7.0565240000000005,A,T,F,R,D,M,L,L,N,V,-0.8485908229541068
RLHGLSAFSL,=,7.275173,R,L,H,G,L,S,A,F,S,L,-0.8618433250877798
FLYIIKLVFL,=,7.2842970000000005,F,L,Y,I,I,K,L,V,F,L,-0.8623876448152974
SIMAFILGII,=,7.587101,S,I,M,A,F,I,L,G,I,I,-0.8800758654599696
KLVEITPIGL,=,7.610517999999999,K,L,V,E,I,T,P,I,G,L,-0.8814142174651185
GLIAIVMVTI,=,7.626322,G,L,I,A,I,V,M,V,T,I,-0.8823151381879659
VMDTLNGIMM,=,7.641912,V,M,D,T,L,N,G,I,M,M,-0.8832020322879494
GLMWLSYFVA,=,7.665572999999999,G,L,M,W,L,S,Y,F,V,A,-0.8845446238266793
FNMLSTVLGV,=,7.834372012999999,F,N,M,L,S,T,V,L,G,V,-0.8940041900554956
FQFICNLLLL,=,7.942317999999999,F,Q,F,I,C,N,L,L,L,L,-0.8999472716576581
ILSNKLLYAA,=,8.092724,I,L,S,N,K,L,L,Y,A,A,-0.9080947291580325
TSISGVLWTV,=,8.145308,T,S,I,S,G,V,L,W,T,V,-0.9109075110105683
QIGGEAIFLI,=,8.191274,Q,I,G,G,E,A,I,F,L,I,-0.9133514534259433
SMMNITRLEV,=,8.2205,S,M,M,N,I,T,R,L,E,V,-0.9148982336759365
ALINLVQYRI,=,8.321453,A,L,I,N,L,V,Q,Y,R,I,-0.9201991646065019
KQYDSTDFKM,=,8.380196,K,Q,Y,D,S,T,D,F,K,M,-0.9232541762344544
IIYSKAGNIL,=,8.475184,I,I,Y,S,K,A,G,N,I,L,-0.9281491357031104
VLIGGKPDRV,=,8.486151,V,L,I,G,G,K,P,D,R,V,-0.9287107552037906
KLFTIAMWLL,=,8.532313,K,L,F,T,I,A,M,W,L,L,-0.9310667787604544
MLTFDVFRPL,=,8.771129,M,L,T,F,D,V,F,R,P,L,-0.9430554983731521
VLIAGIILLI,=,8.835191,V,L,I,A,G,I,I,L,L,I,-0.9462159425637137
ALYGVWPLLL,=,8.905154,A,L,Y,G,V,W,P,L,L,L,-0.9496414342733677
YIAGLKIEEI,=,8.922998,Y,I,A,G,L,K,I,E,E,I,-0.9505107956432798
TISGNIYSAL,=,9.323069,T,I,S,G,N,I,Y,S,A,L,-0.9695588984446298
SLNFLGGTTV,=,9.370252803,S,L,N,F,L,G,G,T,T,V,-0.9717513080133761
AAERGPGQML,=,9.431302,A,A,E,R,G,P,G,Q,M,L,-0.9745716516326725
IVSLCPTKKL,=,9.459576,I,V,S,L,C,P,T,K,K,L,-0.9758716707583388
EMMAKEEELV,=,9.555582000000001,E,M,M,A,K,E,E,E,L,V,-0.9802571436873087
FIVPDADPPI,=,9.682035,F,I,V,P,D,A,D,P,P,I,-0.9859666482572972
FLKKLHEEEI,=,9.694036,F,L,K,K,L,H,E,E,E,I,-0.9865046281959335
SLTQVKELGI,=,9.753011,S,L,T,Q,V,K,E,L,G,I,-0.9891387140380599
FLIFFDLFLV,=,10.0,F,L,I,F,F,D,L,F,L,V,-1.0
FLPSDYFPSL,=,10.0,F,L,P,S,D,Y,F,P,S,L,-1.0
IVPEFAKQYV,=,10.320594,I,V,P,E,F,A,K,Q,Y,V,-1.013704693754213
AMITDLEERL,=,10.421753,A,M,I,T,D,L,E,E,R,L,-1.0179407759878905
LLGLCGFSAL,=,10.430363999999999,L,L,G,L,C,G,F,S,A,L,-1.018299464748005
VLVGGVLAAL,=,10.562577000000001,V,L,V,G,G,V,L,A,A,L,-1.0237698879272839
YLPEVISTIA,=,10.888225,Y,L,P,E,V,I,S,T,I,A,-1.036957086777276
FLKSDYFPSV,=,11.0256,F,L,K,S,D,Y,F,P,S,V,-1.0424022325706133
FMECNLNELV,=,11.278991,F,M,E,C,N,L,N,E,L,V,-1.052270250114334
FLLPLTSLVI,=,11.466878,F,L,L,P,L,T,S,L,V,I,-1.0594451919264096
RLVPGATYAL,=,11.557181,R,L,V,P,G,A,T,Y,A,L,-1.062851914928489
KLLIAILGPL,=,11.621739,K,L,L,I,A,I,L,G,P,L,-1.0652711178647076
YLYGIGSAVV,=,11.687975999999999,Y,L,Y,G,I,G,S,A,V,V,-1.0677393111502078
LLSVGVGIYL,=,11.894468,L,L,S,V,G,V,G,I,Y,L,-1.075345022259689
LLMEACVPKV,=,11.966016,L,L,M,E,A,C,V,P,K,V,-1.0779495792102782
LAYYNSCMLT,=,12.106982,L,A,Y,Y,N,S,C,M,L,T,-1.083035896727114
FLPSDFFPSV,=,12.15320332,F,L,P,S,D,F,F,P,S,V,-1.0846907636002334
FTPSDYFPSV,=,12.2857,F,T,P,S,D,Y,F,P,S,V,-1.0893999062354336
ILHVDNHIGI,=,12.384194,I,L,H,V,D,N,H,I,G,I,-1.0928677466713081
HLSWEWNLSI,=,12.537535,H,L,S,W,E,W,N,L,S,I,-1.0982121584141695
LLDYQGMLPV,=,12.751747,L,L,D,Y,Q,G,M,L,P,V,-1.1055696875531418
LTSNVDVGCL,=,12.821495,L,T,S,N,V,D,V,G,C,L,-1.107938667335386
YVHEGVSYEV,=,12.8758,Y,V,H,E,G,V,S,Y,E,V,-1.1097742221630813
LTSLVITYCL,=,13.107147,L,T,S,L,V,I,T,Y,C,L,-1.117508170180039
FLAFLLFLVL,=,13.188020000000002,F,L,A,F,L,L,F,L,V,L,-1.1201795970913042
FLPSDYFPSV,=,13.285758,F,L,P,S,D,Y,F,P,S,V,-1.1233863375062676
VLMVDSFDPV,=,13.401392000000001,V,L,M,V,D,S,F,D,P,V,-1.1271499107917557
QLADETLLKV,=,13.980094,Q,L,A,D,E,T,L,L,K,V,-1.1455100915487222
KLVGLGLNAV,=,14.0,K,L,V,G,L,G,L,N,A,V,-1.1461280356782377
SQFSYKELYV,=,14.098185999999998,S,Q,F,S,Y,K,E,L,Y,V,-1.1491632359978345
ALMTLDDLAI,=,14.15365,A,L,M,T,L,D,D,L,A,I,-1.1508684519059451
ILMDSIFVST,=,14.1569473,I,L,M,D,S,I,F,V,S,T,-1.1509696153809845
MMMNWSPTTA,=,14.176745,M,M,M,N,W,S,P,T,T,A,-1.1515765276868433
LLHQSSDKFV,=,14.405606,L,L,H,Q,S,S,D,K,F,V,-1.1585315324477619
YLGIFKNNDV,=,14.752854999999998,Y,L,G,I,F,K,N,N,D,V,-1.1688760739252442
WLKDSAIMVA,=,14.759582,W,L,K,D,S,A,I,M,V,A,-1.1690740581872936
KLRRGDLPFV,=,14.877896,K,L,R,R,G,D,L,P,F,V,-1.1725415185621748
GLKIEEIEKV,=,14.892000000000001,G,L,K,I,E,E,I,E,K,V,-1.1729530275463547
GLKALYETEL,=,14.987313,G,L,K,A,L,Y,E,T,E,L,-1.1757237773529587
KLRVLYDEFV,=,15.008928,K,L,R,V,L,Y,D,E,F,V,-1.1763496742345794
MVMCGGSLYV,=,15.119036,M,V,M,C,G,G,S,L,Y,V,-1.1795241011369277
LNISGYNFSL,=,15.540948,L,N,I,S,G,Y,N,F,S,L,-1.1914775072970298
VLALYSPPLI,=,15.693707,V,L,A,L,Y,S,P,P,L,I,-1.195725540112701
YLSDSDNIKI,=,16.324052,Y,L,S,D,S,D,N,I,K,I,-1.2128279695413882
YLGHSAGFTA,=,16.430959,Y,L,G,H,S,A,G,F,T,A,-1.215662911959325
KLSGLGINAV,=,16.66569518,K,L,S,G,L,G,I,N,A,V,-1.221823434200627
ILALPILLAV,=,16.733979,I,L,A,L,P,I,L,L,A,V,-1.2235992196401415
ELANEVKVLL,=,16.920231,E,L,A,N,E,V,K,V,L,L,-1.2284062878602449
VLQRNCAAYL,=,18.038762,V,L,Q,R,N,C,A,A,Y,L,-1.2562067286040461
KLHEEEIQEL,=,18.058937,K,L,H,E,E,E,I,Q,E,L,-1.2566921829309112
YVIPDELIDV,=,18.113772,Y,V,I,P,D,E,L,I,D,V,-1.258008896929704
LLLSTTEWQV,=,18.152608999999998,L,L,L,S,T,T,E,W,Q,V,-1.2589390532219011
KLSPSPSSRV,=,18.290354999999998,K,L,S,P,S,P,S,S,R,V,-1.262222134839176
GLSPTVWLSV,=,18.32483246,G,L,S,P,T,V,W,L,S,V,-1.2630400126703214
RLIVFPDLGV,=,18.551801,R,L,I,V,F,P,D,L,G,V,-1.2683860770990218
MQIRGFVYFV,=,18.592317,M,Q,I,R,G,F,V,Y,F,V,-1.269333515517525
FLFLAWIMLL,=,18.625460999999998,F,L,F,L,A,W,I,M,L,L,-1.2701070308044073
MMIMIKFMGV,=,19.0,M,M,I,M,I,K,F,M,G,V,-1.2787536009528289
YMSNLFDIPL,=,19.164317,Y,M,S,N,L,F,D,I,P,L,-1.2824933459792685
LMGHFSWWTA,=,19.168335,L,M,G,H,F,S,W,W,T,A,-1.282584390827127
DTMSIYIAVA,=,19.471957,D,T,M,S,I,Y,I,A,V,A,-1.289409601832819
AVYNFATCGI,=,19.52373251,A,V,Y,N,F,A,T,C,G,I,-1.2905628488601868
FLPSDYFKSV,=,19.5455,F,L,P,S,D,Y,F,K,S,V,-1.291046784743373
WLGAAITLVV,=,19.657179,W,L,G,A,A,I,T,L,V,V,-1.2935211924056056
FIMFMLIFNV,=,19.952199,F,I,M,F,M,L,I,F,N,V,-1.2999907677388631
LVFGIELMEV,=,20.0,L,V,F,G,I,E,L,M,E,V,-1.301029995663981
LVFGIEVVEV,=,20.0,L,V,F,G,I,E,V,V,E,V,-1.301029995663981
LLLSICLGSL,=,20.067277999999998,L,L,L,S,I,C,L,G,S,L,-1.3024884671685173
MQFDKVYLST,=,20.641314,M,Q,F,D,K,V,Y,L,S,T,-1.3147373404738265
AMYVAIQAVL,=,20.989576,A,M,Y,V,A,I,Q,A,V,L,-1.3220036657038778
MASDFNLPPV,=,22.6,M,A,S,D,F,N,L,P,P,V,-1.3541084391474008
FMYTKHSMLT,=,22.642889,F,M,Y,T,K,H,S,M,L,T,-1.3549318375653892
GLTDLGLLYT,=,22.792285,G,L,T,D,L,G,L,L,Y,T,-1.3577878667839602
FISIYSRPKI,=,22.816795000000003,F,I,S,I,Y,S,R,P,K,I,-1.3582546404516656
ILISLINSLV,=,22.85846,I,L,I,S,L,I,N,S,L,V,-1.3590469681401471
WLVLRINKAL,=,23.035355,W,L,V,L,R,I,N,K,A,L,-1.3623949095929557
YIMRVMANNV,=,23.044819,Y,I,M,R,V,M,A,N,N,V,-1.3625733014121586
SLIKEEILFV,=,23.095912,S,L,I,K,E,E,I,L,F,V,-1.363535116127807
ILFQNNDINA,=,23.282131,I,L,F,Q,N,N,D,I,N,A,-1.3670227285201724
FQGAWAEWPV,=,23.427055,F,Q,G,A,W,A,E,W,P,V,-1.369717697148529
ILFLTLIVFT,=,23.609332000000002,I,L,F,L,T,L,I,V,F,T,-1.3730836993693654
LLNVQTLISL,=,23.689676000000002,L,L,N,V,Q,T,L,I,S,L,-1.3745591209855605
FVTDYVHEGV,=,23.797351000000003,F,V,T,D,Y,V,H,E,G,V,-1.376528616295542
FLPSDYFPKV,=,23.8889,F,L,P,S,D,Y,F,P,K,V,-1.3781961524736668
CTLNFPISPI,=,23.9,C,T,L,N,F,P,I,S,P,I,-1.3783979009481375
IICEDAMYYA,=,23.971560999999998,I,I,C,E,D,A,M,Y,Y,A,-1.3796963157029338
FMRFFTLGSI,=,24.230736,F,M,R,F,F,T,L,G,S,I,-1.3843666058784942
LLGMWGIAAI,=,24.336205,L,L,G,M,W,G,I,A,A,I,-1.3862528550748752
FTFGDTALYV,=,24.347106,F,T,F,G,D,T,A,L,Y,V,-1.386447346539367
KIIAVFDSKL,=,24.554933,K,I,I,A,V,F,D,S,K,L,-1.3901387534637544
LLMCAVHPEL,=,24.789033,L,L,M,C,A,V,H,P,E,L,-1.3942595856240094
MMQDREDQSI,=,24.986516,M,M,Q,D,R,E,D,Q,S,I,-1.3977057044074224
KILSDENYLL,=,25.189859,K,I,L,S,D,E,N,Y,L,L,-1.4012257365456187
SILSPFLPLL,=,26.13132194,S,I,L,S,P,F,L,P,L,L,-1.4171613805166672
FMDGKQACVL,=,26.56885,F,M,D,G,K,Q,A,C,V,L,-1.4243727569144993
FLLRGPFEAS,=,27.11267,F,L,L,R,G,P,F,E,A,S,-1.4331722881141984
ALKTELEDTL,=,27.286587,A,L,K,T,E,L,E,D,T,L,-1.4359492176133763
HMSEFMECNL,=,27.341455,H,M,S,E,F,M,E,C,N,L,-1.4368216222163444
FTSAICSVVR,=,27.571396000000004,F,T,S,A,I,C,S,V,V,R,-1.4404587559406652
FIMRNFLRSI,=,27.690343,F,I,M,R,N,F,L,R,S,I,-1.4423283353802687
TQIFEVYWYL,=,27.894307,T,Q,I,F,E,V,Y,W,Y,L,-1.4455155763642586
LLGLWGFAAL,=,28.241681,L,L,G,L,W,G,F,A,A,L,-1.450890543204719
SMMVILPDKI,=,28.348288,S,M,M,V,I,L,P,D,K,I,-1.452526836258783
VMFGLAYFSM,=,28.375659000000002,V,M,F,G,L,A,Y,F,S,M,-1.4529459564299076
IMETIDPVYI,=,28.559718,I,M,E,T,I,D,P,V,Y,I,-1.4557539148811487
KLLEGEEERL,=,28.823083,K,L,L,E,G,E,E,E,R,L,-1.459740432351574
LLGLWGFAAA,=,28.844361,L,L,G,L,W,G,F,A,A,A,-1.460060922311396
GLLPLFLLLG,=,29.08786,G,L,L,P,L,F,L,L,L,G,-1.4637117712856238
HVLLPFYETL,=,29.421120000000002,H,V,L,L,P,F,Y,E,T,L,-1.4686592013813589
LLVLQAGFFL,=,30.091822999999998,L,L,V,L,Q,A,G,F,F,L,-1.478448498636005
SMYVIPDELI,=,30.681502000000002,S,M,Y,V,I,P,D,E,L,I,-1.486876616500697
LVTSFLLMIV,=,30.788089000000003,L,V,T,S,F,L,L,M,I,V,-1.4883827333166033
ATLNTLITLI,=,31.515921999999996,A,T,L,N,T,L,I,T,L,I,-1.498530016956005
FVSTMPVETL,=,32.334763,F,V,S,T,M,P,V,E,T,L,-1.509669682101771
LNASYITPYV,=,33.26532,L,N,A,S,Y,I,T,P,Y,V,-1.5219917055534724
GVMYAFTTPL,=,34.154618,G,V,M,Y,A,F,T,T,P,L,-1.533449432360918
YQGMLPVCPL,=,34.783578000000006,Y,Q,G,M,L,P,V,C,P,L,-1.5413742535071921
ILMTHFFSIL,=,34.980383,I,L,M,T,H,F,F,S,I,L,-1.5438245602563216
SAFNDDGIYI,=,35.211417,S,A,F,N,D,D,G,I,Y,I,-1.546683502573681
GLLGCIITSL,=,35.345335,G,L,L,G,C,I,I,T,S,L,-1.548332102222016
RLHGLEAFSL,=,35.372601,R,L,H,G,L,E,A,F,S,L,-1.548666995308555
ILLLCLIFLL,=,35.387035,I,L,L,L,C,L,I,F,L,L,-1.5488441756049243
KLLEGEESRI,=,35.486313,K,L,L,E,G,E,E,S,R,I,-1.550060878836579
LLPPQHLIRV,=,36.0,L,L,P,P,Q,H,L,I,R,V,-1.556302500767287
VLKAGQTVTI,=,36.906729,V,L,K,A,G,Q,T,V,T,I,-1.567105555891932
ELNDRFANYI,=,37.588338,E,L,N,D,R,F,A,N,Y,I,-1.5750531234423006
FISSFLLPLT,=,38.623205,F,I,S,S,F,L,L,P,L,T,-1.5868483092171086
TILATLNTLI,=,39.54745,T,I,L,A,T,L,N,T,L,I,-1.5971184856432519
MQIAILVTTV,=,40.386955,M,Q,I,A,I,L,V,T,T,V,-1.606241110497328
ALLSCISVPV,=,40.943138,A,L,L,S,C,I,S,V,P,V,-1.6121811251818312
KLGALTGTYI,=,41.063497,K,L,G,A,L,T,G,T,Y,I,-1.6134559314723067
INISGYNFSL,=,41.34341509,I,N,I,S,G,Y,N,F,S,L,-1.6164063477988648
IVPDIKLDAV,=,41.539163,I,V,P,D,I,K,L,D,A,V,-1.6184577414012087
DMLLNVQTLI,=,41.627684,D,M,L,L,N,V,Q,T,L,I,-1.619382249128438
MIIGEPIIVA,=,42.020365999999996,M,I,I,G,E,P,I,I,V,A,-1.6234598308183423
SMGNTLTCYV,=,44.435231,S,M,G,N,T,L,T,C,Y,V,-1.6477274422237564
MLVCGDDLVV,=,45.04126,M,L,V,C,G,D,D,L,V,V,-1.6536105311193374
ITVGMLIYSM,=,47.427402,I,T,V,G,M,L,I,Y,S,M,-1.6760293353209288
ILLITAIFAV,=,47.473467,I,L,L,I,T,A,I,F,A,V,-1.6764509495187943
RIVVALSSLV,=,47.569516,R,I,V,V,A,L,S,S,L,V,-1.6773287326770263
YMLFTKFFYL,=,47.674257,Y,M,L,F,T,K,F,F,Y,L,-1.6782839333213044
GLSSGFYFEI,=,48.271281,G,L,S,S,G,F,Y,F,E,I,-1.6836888240693533
SLLNATDIAV,=,49.045381299999995,S,L,L,N,A,T,D,I,A,V,-1.690598115276227
NTIAVITETI,=,50.206364,N,T,I,A,V,I,T,E,T,I,-1.7007587704300187
ALMIAAQVVV,=,50.395007,A,L,M,I,A,A,Q,V,V,V,-1.7023875098628707
LLGLWGFATA,=,50.468756,L,L,G,L,W,G,F,A,T,A,-1.703022599978507
QQFANVISKI,=,51.487227000000004,Q,Q,F,A,N,V,I,S,K,I,-1.7116995022170518
CVSNLDISSV,=,51.823506,C,V,S,N,L,D,I,S,S,V,-1.7145267908371304
ETLPELNLSL,=,52.300922,E,T,L,P,E,L,N,L,S,L,-1.7185093450046134
CLLTDTIESA,=,52.953646,C,L,L,T,D,T,I,E,S,A,-1.7238958678083347
YLHTLWKAGI,=,53.0,Y,L,H,T,L,W,K,A,G,I,-1.724275869600789
MLTNAISSRV,=,53.016847,M,L,T,N,A,I,S,S,R,V,-1.724413895950473
KINPLLDEPL,=,53.36239499999999,K,I,N,P,L,L,D,E,P,L,-1.727235313261233
MLVNGDDLVV,=,53.866170999999994,M,L,V,N,G,D,D,L,V,V,-1.7313161054387944
KLRNWQWWRL,=,54.062523999999996,K,L,R,N,W,Q,W,W,R,L,-1.732896317605472
KMIGGIGGFI,=,54.4,K,M,I,G,G,I,G,G,F,I,-1.7355988996981797
KQIMECSRML,=,54.790889,K,Q,I,M,E,C,S,R,M,L,-1.7387083470611413
VLQAGFFLLT,=,55.344166,V,L,Q,A,G,F,F,L,L,T,-1.7430718473006686
SLLNATAIAV,=,55.474523,S,L,L,N,A,T,A,I,A,V,-1.7440935766208823
FMIAFISCFA,=,56.202961,F,M,I,A,F,I,S,C,F,A,-1.7497591965670305
ALTDLGLIYT,=,56.958318000000006,A,L,T,D,L,G,L,I,Y,T,-1.755557155942982
IAVANCVRNL,=,57.112058999999995,I,A,V,A,N,C,V,R,N,L,-1.75672781760163
KLRSSPPIPM,=,57.553059999999995,K,L,R,S,S,P,P,I,P,M,-1.760068419291357
ILKNSQGEEV,=,57.834201,I,L,K,N,S,Q,G,E,E,V,-1.762184740027151
KCMSAALKNL,=,57.925439000000004,K,C,M,S,A,A,L,K,N,L,-1.76286933386564
IMRNFLRSIA,=,59.941685,I,M,R,N,F,L,R,S,I,A,-1.7777289470833733
VMHINSPFKV,=,60.317634,V,M,H,I,N,S,P,F,K,V,-1.7804442977009598
SQIFNIISYI,=,61.695266000000004,S,Q,I,F,N,I,I,S,Y,I,-1.7902518410356096
IMSMMNITRL,=,61.779314,I,M,S,M,M,N,I,T,R,L,-1.790843081568723
NIVTFINDYA,=,61.799353,N,I,V,T,F,I,N,D,Y,A,-1.7909839283250508
KTDGAVTSPL,=,61.887423,K,T,D,G,A,V,T,S,P,L,-1.7916023989930097
ALLIGAVVSV,=,61.924890000000005,A,L,L,I,G,A,V,V,S,V,-1.791865243801509
VLMTHFFSVL,=,62.072393999999996,V,L,M,T,H,F,F,S,V,L,-1.7928984955213705
LVATVSIHEV,=,62.090371999999995,L,V,A,T,V,S,I,H,E,V,-1.7930242618279977
VLTSVDIETA,=,62.397275,V,L,T,S,V,D,I,E,T,A,-1.7951656236839535
YVSPTEMVDV,=,63.342048999999996,Y,V,S,P,T,E,M,V,D,V,-1.8016921078991774
TLVKSGLTEV,=,64.063183,T,L,V,K,S,G,L,T,E,V,-1.806608512925896
KLMGHFSWWT,=,64.43160400000001,K,L,M,G,H,F,S,W,W,T,-1.8090989430750128
ILDLISESPI,=,65.412261,I,L,D,L,I,S,E,S,P,I,-1.8156591609474801
IISYIILFIL,=,66.203264,I,I,S,Y,I,I,L,F,I,L,-1.8208794018603063
ALVLLILMTA,=,67.200068,A,L,V,L,L,I,L,M,T,A,-1.827369712518257
GIYNCCESNI,=,68.327252,G,I,Y,N,C,C,E,S,N,I,-1.834593954525775
QLIPCMDVVL,=,68.895785,Q,L,I,P,C,M,D,V,V,L,-1.8381926528621095
QLYTISSESL,=,71.709758,Q,L,Y,T,I,S,S,E,S,L,-1.8555782568840637
VIGLIVILFI,=,73.11497800000001,V,I,G,L,I,V,I,L,F,I,-1.8640063536531575
ILEYLYIMRV,=,73.51401800000001,I,L,E,Y,L,Y,I,M,R,V,-1.8663701603028593
YSMAGNWAKV,=,74.516345,Y,S,M,A,G,N,W,A,K,V,-1.87225154475802
KLKVDSDSGL,=,74.60475500000001,K,L,K,V,D,S,D,S,G,L,-1.8727665084974745
LLKCVSDSWL,=,75.507289,L,L,K,C,V,S,D,S,W,L,-1.8779888777176836
LISFFGLFDI,=,75.885603,L,I,S,F,F,G,L,F,D,I,-1.8801593894563036
FVYVSVMNFI,=,76.47314899999999,F,V,Y,V,S,V,M,N,F,I,-1.883508973870973
LNISGYNYSL,=,77.16546600000001,L,N,I,S,G,Y,N,Y,S,L,-1.8874229832222404
SLIYYQNEVT,=,77.195134,S,L,I,Y,Y,Q,N,E,V,T,-1.8875899254192487
RLFTKVKPLL,=,77.54026,R,L,F,T,K,V,K,P,L,L,-1.889527252905083
VQSVLRDISI,=,77.909972,V,Q,S,V,L,R,D,I,S,I,-1.8915930482682604
LLMEGLKLLS,=,78.303601,L,L,M,E,G,L,K,L,L,S,-1.8937817347076096
FSMQGAWAKV,=,78.321213,F,S,M,Q,G,A,W,A,K,V,-1.8938794049841405
LIYRQLTSNV,=,78.739584,L,I,Y,R,Q,L,T,S,N,V,-1.8961931159789538
GLLPLLLLLG,=,79.211093,G,L,L,P,L,L,L,L,L,G,-1.898786005975013
AMLCMFIPSV,=,79.426598,A,M,L,C,M,F,I,P,S,V,-1.8999659612467537
TLLGCWSFVL,=,79.948545,T,L,L,G,C,W,S,F,V,L,-1.9028105643396498
TVQEFIFSAL,=,80.712692,T,V,Q,E,F,I,F,S,A,L,-1.9069418325183263
RAFIYSIMET,=,81.38353199999999,R,A,F,I,Y,S,I,M,E,T,-1.9105365340651133
YTVEFDRDKV,=,82.63097900000001,Y,T,V,E,F,D,R,D,K,V,-1.9171428982457224
KLVALGINAV,=,82.686607,K,L,V,A,L,G,I,N,A,V,-1.9174351712571507
MLKLFTHDIM,=,84.607066,M,L,K,L,F,T,H,D,I,M,-1.9274066348671857
LIVILFIMFM,=,85.14698,L,I,V,I,L,F,I,M,F,M,-1.9301692489798354
MMNITRLEVI,=,85.355395,M,M,N,I,T,R,L,E,V,I,-1.931230976472211
IAMWLLLLSI,=,85.836055,I,A,M,W,L,L,L,L,S,I,-1.933669749369105
FLLALLSCLT,=,85.92335200000001,F,L,L,A,L,L,S,C,L,T,-1.9341112111709757
KMIYDLNAVT,=,86.665539,K,M,I,Y,D,L,N,A,V,T,-1.9378464423750368
NLYRIGQSKV,=,86.73214399999999,N,L,Y,R,I,G,Q,S,K,V,-1.9381800821894724
KIEDLINQLV,=,87.034399,K,I,E,D,L,I,N,Q,L,V,-1.9396909347247235
FQPSDYFPSV,=,87.7551,F,Q,P,S,D,Y,F,P,S,V,-1.9432723654512007
GVLIAGIILL,=,88.83065699999999,G,V,L,I,A,G,I,I,L,L,-1.948562874204193
KQNKFGDSPL,=,89.560909,K,Q,N,K,F,G,D,S,P,L,-1.9521184928087416
GLLPLLLLLL,=,89.573936,G,L,L,P,L,L,L,L,L,L,-1.9521816581211715
LVGLWGAAAL,=,89.669646,L,V,G,L,W,G,A,A,A,L,-1.9526454552440542
SCLENFRAYV,=,90.44465799999999,S,C,L,E,N,F,R,A,Y,V,-1.9563829208958328
ALALEEKRRL,=,91.08560200000001,A,L,A,L,E,E,K,R,R,L,-1.9594497329979002
CIFYDRDDVL,=,91.314819,C,I,F,Y,D,R,D,D,V,L,-1.9605412626129655
IVYGRSNAIL,=,91.57095100000001,I,V,Y,G,R,S,N,A,I,L,-1.9617577245275888
GLYIPGTSVI,=,92.089393,G,L,Y,I,P,G,T,S,V,I,-1.9642096103612914
LLPIFFCLWV,=,92.157861,L,L,P,I,F,F,C,L,W,V,-1.9645323861455721
QLMCQPILLL,=,92.309373,Q,L,M,C,Q,P,I,L,L,L,-1.9652458010855807
KLFKRERDAI,=,92.47457,K,L,F,K,R,E,R,D,A,I,-1.9660223205544884
EALYYVHSLL,=,92.71075,E,A,L,Y,Y,V,H,S,L,L,-1.967130094392602
ALSALGLLYT,=,93.024199,A,L,S,A,L,G,L,L,Y,T,-1.9685959391463779
GLDERFVEEL,=,93.049217,G,L,D,E,R,F,V,E,E,L,-1.9687127229368546
KLKSMEAEMI,=,93.186326,K,L,K,S,M,E,A,E,M,I,-1.9693521894094534
ALVSDCASTI,=,94.184086,A,L,V,S,D,C,A,S,T,I,-1.9739775275673133
FLPSDYFPST,=,95.5556,F,L,P,S,D,Y,F,P,S,T,-1.980256143801629
GVCYYLLMHL,=,95.769788,G,V,C,Y,Y,L,L,M,H,L,-1.9812285260486726
TLISLNSMYT,=,96.03378599999999,T,L,I,S,L,N,S,M,Y,T,-1.9824240506642434
ALTDVEKRIL,=,96.89806,A,L,T,D,V,E,K,R,I,L,-1.9863150821103213
KLVAMGINAV,=,98.535174,K,L,V,A,M,G,I,N,A,V,-1.993591287830357
VTFINDYANL,=,99.07306,V,T,F,I,N,D,Y,A,N,L,-1.9959555769482522
SLFIESSICL,=,99.176621,S,L,F,I,E,S,S,I,C,L,-1.9964093075641556
LMSIISTFHL,=,100.0,L,M,S,I,I,S,T,F,H,L,-2.0
NMDWRSLTQV,=,100.47016500000001,N,M,D,W,R,S,L,T,Q,V,-2.0020371154926404
KLDDTGKKEL,=,100.57844399999999,K,L,D,D,T,G,K,K,E,L,-2.0025049125789924
KLPTWLGAAI,=,102.942926,K,L,P,T,W,L,G,A,A,I,-2.0125965082661454
GMMQNDYGGM,=,103.282438,G,M,M,Q,N,D,Y,G,G,M,-2.014026480976509
ILANERYRSA,=,104.07037700000001,I,L,A,N,E,R,Y,R,S,A,-2.0173271278174454
FAISYCRAFI,=,105.301899,F,A,I,S,Y,C,R,A,F,I,-2.022436203263213
YMLVLAEALI,=,106.566515,Y,M,L,V,L,A,E,A,L,I,-2.027620763459658
NLNELVKHGL,=,106.741199,N,L,N,E,L,V,K,H,G,L,-2.028332076827689
TLRNTNPNFV,=,107.19825800000001,T,L,R,N,T,N,P,N,F,V,-2.0301877280140794
YLWWVNNQSL,=,108.0,Y,L,W,W,V,N,N,Q,S,L,-2.0334237554869494
IISLFYTFAI,=,108.04458400000001,I,I,S,L,F,Y,T,F,A,I,-2.033603001687873
ILPMIIGEPI,=,109.860299,I,L,P,M,I,I,G,E,P,I,-2.040840776679454
KVYNGIFVDT,=,110.56051799999999,K,V,Y,N,G,I,F,V,D,T,-2.043600064798707
SIISLFYTFA,=,111.425601,S,I,I,S,L,F,Y,T,F,A,-2.046984985233239
TLVPVLEKKV,=,112.28616299999999,T,L,V,P,V,L,E,K,K,V,-2.050326241541998
YISQFSYKEL,=,112.57080900000001,Y,I,S,Q,F,S,Y,K,E,L,-2.0514257871956647
ILGFVFTLTV,=,113.47136,I,L,G,F,V,F,T,L,T,V,-2.0548862600884337
LLHGLDFSEV,=,116.66666699999999,L,L,H,G,L,D,F,S,E,V,-2.0669467908714547
RLLGTFTWTL,=,116.66666699999999,R,L,L,G,T,F,T,W,T,L,-2.0669467908714547
ILGGLILTTV,=,118.59551599999999,I,L,G,G,L,I,L,T,T,V,-2.074068269017529
LLQEENRQKL,=,119.56834599999999,L,L,Q,E,E,N,R,Q,K,L,-2.0776162216502954
ELVKVREKQL,=,120.26931499999999,E,L,V,K,V,R,E,K,Q,L,-2.08015483743092
LIYDDNIDSI,=,121.066933,L,I,Y,D,D,N,I,D,S,I,-2.0830255405283644
NIISYIILFI,=,123.194926,N,I,I,S,Y,I,I,L,F,I,-2.090592821013631
IVSKCIVQSV,=,123.374132,I,V,S,K,C,I,V,Q,S,V,-2.091224110205058
LNCLSLLLSV,=,123.66850600000001,L,N,C,L,S,L,L,L,S,V,-2.0922591142461373
GILISLINSL,=,124.29778200000001,G,I,L,I,S,L,I,N,S,L,-2.094463379053912
ITFMQALQLL,=,124.87916399999999,I,T,F,M,Q,A,L,Q,L,L,-2.0964899826920758
ILHNIYRLFT,=,125.255031,I,L,H,N,I,Y,R,L,F,T,-2.0977951787840556
NIGCAVNTPV,=,126.35250500000001,N,I,G,C,A,V,N,T,P,V,-2.1015838564410774
CLKNEGVSGL,=,127.276402,C,L,K,N,E,G,V,S,G,L,-2.1047478896615273
VQFSILNNPV,=,131.38413400000002,V,Q,F,S,I,L,N,N,P,V,-2.118542922816731
ILFILFFAYV,=,131.509816,I,L,F,I,L,F,F,A,Y,V,-2.118958170130204
KLKKLEEEQI,=,132.523957,K,L,K,K,L,E,E,E,Q,I,-2.122294394894864
KLVVLGINAV,=,134.0,K,L,V,V,L,G,I,N,A,V,-2.1271047983648073
ELNDRLAVYI,=,134.04317700000001,E,L,N,D,R,L,A,V,Y,I,-2.127244712636957
RLRQDTEDIV,=,134.33607800000001,R,L,R,Q,D,T,E,D,I,V,-2.128192664732198
ELRLLIHQSL,=,135.190026,E,L,R,L,L,I,H,Q,S,L,-2.1309446515690182
TMEAMRIMGI,=,136.674289,T,M,E,A,M,R,I,M,G,I,-2.135686823304917
DIINSVSIIL,=,138.656145,D,I,I,N,S,V,S,I,I,L,-2.141939121519026
IVSHLRASTT,=,139.31336100000001,I,V,S,H,L,R,A,S,T,T,-2.1439927699078907
ALLLGVFVTL,=,139.390926,A,L,L,L,G,V,F,V,T,L,-2.144234503199625
LATLNTLITL,=,139.448428,L,A,T,L,N,T,L,I,T,L,-2.144413622834599
GVSGLYIPGT,=,139.899583,G,V,S,G,L,Y,I,P,G,T,-2.145816419988119
ELPDGQVITI,=,140.158159,E,L,P,D,G,Q,V,I,T,I,-2.146618384333479
LIAGIILLIL,=,140.5525,L,I,A,G,I,I,L,L,I,L,-2.1478385747854993
GLLYFILFFV,=,141.281322,G,L,L,Y,F,I,L,F,F,V,-2.150084750040252
TLISSDGARV,=,142.13183700000002,T,L,I,S,S,D,G,A,R,V,-2.152691369164258
LILGLVLALV,=,142.605825,L,I,L,G,L,V,L,A,L,V,-2.154137265443546
FTNSQIFNII,=,143.224184,F,T,N,S,Q,I,F,N,I,I,-2.1560163565958916
TLNEYKQLYT,=,144.10228600000002,T,L,N,E,Y,K,Q,L,Y,T,-2.158670870399769
FTKDGKLDDT,=,144.964081,F,T,K,D,G,K,L,D,D,T,-2.1612604066767838
MQALQLLLEV,=,146.640284,M,Q,A,L,Q,L,L,L,E,V,-2.166253293058316
RTRCKYVGCT,=,149.148979,R,T,R,C,K,Y,V,G,C,T,-2.173620284743447
FTEGKINPLL,=,150.391214,F,T,E,G,K,I,N,P,L,L,-2.177222465093558
TLNTLITLIL,=,150.40184399999998,T,L,N,T,L,I,T,L,I,L,-2.1772531609505386
LLLISGALFL,=,150.462016,L,L,L,I,S,G,A,L,F,L,-2.177426876516865
GLCNYGGILI,=,151.63984,G,L,C,N,Y,G,G,I,L,I,-2.18081331751677
RVLYDEFVTI,=,153.339934,R,V,L,Y,D,E,F,V,T,I,-2.1856552719928515
FVDTMSIYIA,=,153.939054,F,V,D,T,M,S,I,Y,I,A,-2.187348813366489
NLRETNLDSL,=,155.744808,N,L,R,E,T,N,L,D,S,L,-2.192413577677697
QLVKDESIQL,=,156.825642,Q,L,V,K,D,E,S,I,Q,L,-2.195417074092277
YAVLSEYETM,=,156.917742,Y,A,V,L,S,E,Y,E,T,M,-2.1956720501330294
ILSPLTKGIL,=,159.065395,I,L,S,P,L,T,K,G,I,L,-2.2015757082751395
SIISHNFCNL,=,159.606344,S,I,I,S,H,N,F,C,N,L,-2.2030501496051653
KLKNKHEAMI,=,160.556142,K,L,K,N,K,H,E,A,M,I,-2.205626923952265
GMSIVCIVAA,=,160.687194,G,M,S,I,V,C,I,V,A,A,-2.205981266951616
IVSSYVCSGL,=,160.875686,I,V,S,S,Y,V,C,S,G,L,-2.206490411818453
KLRGMGFNAV,=,161.32457,K,L,R,G,M,G,F,N,A,V,-2.2077005161974106
VLIALSVLAV,=,161.538462,V,L,I,A,L,S,V,L,A,V,-2.2082759436679233
FLGKIWPSYK,=,162.7443668,F,L,G,K,I,W,P,S,Y,K,-2.211505964920624
PLPCQLMYAL,=,162.868155,P,L,P,C,Q,L,M,Y,A,L,-2.2118361766365466
MQKFTILEYL,=,164.157359,M,Q,K,F,T,I,L,E,Y,L,-2.215260356461979
PLNDNIATLL,=,164.728254,P,L,N,D,N,I,A,T,L,L,-2.2167680952469593
YLQLVFGIEV,=,165.0,Y,L,Q,L,V,F,G,I,E,V,-2.217483944213906
LLAKREVPTV,=,165.018099,L,L,A,K,R,E,V,P,T,V,-2.217531579757894
TLLGLILFVL,=,169.47163899999998,T,L,L,G,L,I,L,F,V,L,-2.229097029640174
TMKAIEKDRL,=,171.130895,T,M,K,A,I,E,K,D,R,L,-2.2333284216789338
FLFLLYILFL,=,172.0,F,L,F,L,L,Y,I,L,F,L,-2.2355284469075487
PLPNFSSLNL,=,172.122275,P,L,P,N,F,S,S,L,N,L,-2.235837077669737
SIDHCSSFIV,=,172.470968,S,I,D,H,C,S,S,F,I,V,-2.2367160008671085
RLPSETFPNV,=,172.709497,R,L,P,S,E,T,F,P,N,V,-2.237316219335224
LNASWFNSFL,=,173.808428,L,N,A,S,W,F,N,S,F,L,-2.2400708316359466
FLIFHFFLFL,=,174.0,F,L,I,F,H,F,F,L,F,L,-2.2405492482825995
ELWARISSSL,=,174.77533400000002,E,L,W,A,R,I,S,S,S,L,-2.2424801407493695
YMISTYPGNT,=,174.860153,Y,M,I,S,T,Y,P,G,N,T,-2.2426908540536696
INISGYNLSL,=,179.304752,I,N,I,S,G,Y,N,L,S,L,-2.2535917995456205
LNIALVAVSL,=,179.768482,L,N,I,A,L,V,A,V,S,L,-2.254713551171701
LQWDDNIPEL,=,180.354599,L,Q,W,D,D,N,I,P,E,L,-2.256127221203073
QLVESGGGLV,=,184.554633,Q,L,V,E,S,G,G,G,L,V,-2.266124952057165
LLENKSLTIL,=,185.208681,L,L,E,N,K,S,L,T,I,L,-2.267661338836416
FVGLSPTVWL,=,185.308652,F,V,G,L,S,P,T,V,W,L,-2.2678956968587647
VLDQLRCNGV,=,186.1209,V,L,D,Q,L,R,C,N,G,V,-2.2697951439261805
FVKENERVNV,=,186.451381,F,V,K,E,N,E,R,V,N,V,-2.270565604422766
IVFGIYKDNL,=,186.927577,I,V,F,G,I,Y,K,D,N,L,-2.271673376581872
KLPTLFGRGV,=,190.22040900000002,K,L,P,T,L,F,G,R,G,V,-2.2792571111322832
GLVGLVTFLL,=,190.909091,G,L,V,G,L,V,T,F,L,L,-2.2808266097825007
GLKSKTHAVL,=,193.655713,G,L,K,S,K,T,H,A,V,L,-2.2870303135491974
ALKAYFTAKI,=,194.048755,A,L,K,A,Y,F,T,A,K,I,-2.2879108606892027
KLLNMRDLIV,=,194.337059,K,L,L,N,M,R,D,L,I,V,-2.2885556260477466
ALLMLAISLV,=,195.221609,A,L,L,M,L,A,I,S,L,V,-2.290527887869852
ALLQQQLSSV,=,195.928312,A,L,L,Q,Q,Q,L,S,S,V,-2.2920971968775845
DMLKLFTHDI,=,196.18578300000001,D,M,L,K,L,F,T,H,D,I,-2.292667532155231
HQRRLVKLLL,=,197.11658300000002,H,Q,R,R,L,V,K,L,L,L,-2.294723162089917
TIFDIVSKCI,=,197.620597,T,I,F,D,I,V,S,K,C,I,-2.295832206938213
TLFGRGVIDT,=,199.062893,T,L,F,G,R,G,V,I,D,T,-2.2989903114223535
LALTDVEKRI,=,199.17475,L,A,L,T,D,V,E,K,R,I,-2.2992342807205537
SLPLPNFSSL,=,199.383003,S,L,P,L,P,N,F,S,S,L,-2.299688132822489
ALTDLGLLYT,=,200.15709099999998,A,L,T,D,L,G,L,L,Y,T,-2.3013709805396503
TLKYPIEHGI,=,201.52528700000002,T,L,K,Y,P,I,E,H,G,I,-2.304329548320973
SILSLETVKM,=,203.147887,S,I,L,S,L,E,T,V,K,M,-2.3078123094632534
SSLENFRAYV,=,204.371934,S,S,L,E,N,F,R,A,Y,V,-2.3104212547413914
TLLIGAVVSV,=,205.515423,T,L,L,I,G,A,V,V,S,V,-2.3128444192654025
DQLVFNSISA,=,206.366996,D,Q,L,V,F,N,S,I,S,A,-2.314640242368038
ALVFLILCFT,=,209.029387,A,L,V,F,L,I,L,C,F,T,-2.320207346947242
SALMTLDDLA,=,210.122196,S,A,L,M,T,L,D,D,L,A,-2.3224719309931428
EMVEYLENQL,=,211.635496,E,M,V,E,Y,L,E,N,Q,L,-2.3255885103578424
FLVFLVFSNV,=,212.0,F,L,V,F,L,V,F,S,N,V,-2.326335860928751
DVERLQMAGV,=,214.75536,D,V,E,R,L,Q,M,A,G,V,-2.331944012034703
NITTLLNETA,=,217.81153999999998,N,I,T,T,L,L,N,E,T,A,-2.338080885638091
CIVQSVLRDI,=,218.03307900000001,C,I,V,Q,S,V,L,R,D,I,-2.3385223878125734
LLNVKMALDI,=,221.818902,L,L,N,V,K,M,A,L,D,I,-2.3459985512113652
LITLILSNKL,=,225.13085099999998,L,I,T,L,I,L,S,N,K,L,-2.3524350129969096
PLSPTRLSRL,=,227.209973,P,L,S,P,T,R,L,S,R,L,-2.356427390083923
SQMETDFLEL,=,227.238406,S,Q,M,E,T,D,F,L,E,L,-2.3564817341880753
GMMMGMFNML,=,228.83592099999998,G,M,M,M,G,M,F,N,M,L,-2.3595241978640376
WISFAISCFL,=,229.829657,W,I,S,F,A,I,S,C,F,L,-2.3614060689145413
RTLLGLILFV,=,230.6128859,R,T,L,L,G,L,I,L,F,V,-2.3628835706035654
RLPGPSDTPI,=,233.01458,R,L,P,G,P,S,D,T,P,I,-2.367383096199586
IASILSLETV,=,234.281235,I,A,S,I,L,S,L,E,T,V,-2.369737504720236
KIKQTGINNV,=,236.873379,K,I,K,Q,T,G,I,N,N,V,-2.374516255306811
ILCGLILFFV,=,237.886435,I,L,C,G,L,I,L,F,F,V,-2.3763696779657613
VVISVIFYFI,=,239.412373,V,V,I,S,V,I,F,Y,F,I,-2.379146591294988
WSYNAELLVA,=,241.996329,W,S,Y,N,A,E,L,L,V,A,-2.3838087779344166
ELQATEDAKL,=,245.700464,E,L,Q,A,T,E,D,A,K,L,-2.3904059766365697
WLMWFIISIV,=,246.34895899999998,W,L,M,W,F,I,I,S,I,V,-2.3915507314109647
SIINHKFCNL,=,247.080296,S,I,I,N,H,K,F,C,N,L,-2.392838112946899
SIPISELSRL,=,252.252007,S,I,P,I,S,E,L,S,R,L,-2.401834630312546
ALTSLGLLYT,=,253.18738900000002,A,L,T,S,L,G,L,L,Y,T,-2.403442070128461
LNCLTLLLSV,=,258.112332,L,N,C,L,T,L,L,L,S,V,-2.4118087546082116
KAAVDLSHFL,=,259.182531,K,A,A,V,D,L,S,H,F,L,-2.4136057265736652
NIVTDLENRL,=,260.77026800000004,N,I,V,T,D,L,E,N,R,L,-2.4162580733343417
RLRYNLCKYL,=,261.091042,R,L,R,Y,N,L,C,K,Y,L,-2.4167919714908574
GLLPSLLLLG,=,261.386348,G,L,L,P,S,L,L,L,L,G,-2.4172829009832495
ELIDVLKTRL,=,262.099371,E,L,I,D,V,L,K,T,R,L,-2.418465978704872
YIILFILFFA,=,263.458708,Y,I,I,L,F,I,L,F,F,A,-2.4207125577155937
TVWLSVIWMM,=,268.42995,T,V,W,L,S,V,I,W,M,M,-2.4288309704912656
NTISGNIYSA,=,269.006898,N,T,I,S,G,N,I,Y,S,A,-2.429763416526298
TLFYCDERDA,=,271.299061,T,L,F,Y,C,D,E,R,D,A,-2.4334482906166484
RFIIFLFILL,=,279.75523300000003,R,F,I,I,F,L,F,I,L,L,-2.4467782190315503
VISTIANSNI,=,281.983236,V,I,S,T,I,A,N,S,N,I,-2.450223290131046
SLVITYCLVT,=,285.861073,S,L,V,I,T,Y,C,L,V,T,-2.456155019533178
VQLSNNKYVL,=,287.914098,V,Q,L,S,N,N,K,Y,V,L,-2.4592629310597482
ILGIIITVGM,=,287.98554900000005,I,L,G,I,I,I,T,V,G,M,-2.459370695582083
QIFNIISYII,=,287.999328,Q,I,F,N,I,I,S,Y,I,I,-2.4593914744042573
TALLSCIRNA,=,297.01999700000005,T,A,L,L,S,C,I,R,N,A,-2.472785689365701
KVFPYALINK,=,299.580365,K,V,F,P,Y,A,L,I,N,K,-2.476513345570836
RLLDLSSWFT,=,302.89261899999997,R,L,L,D,L,S,S,W,F,T,-2.4812886904123292
GLLRVISGVL,=,304.371334,G,L,L,R,V,I,S,G,V,L,-2.483403747731083
KAALDLSHFL,=,304.65546800000004,K,A,A,L,D,L,S,H,F,L,-2.48380897731004
YMIMVKCWMI,=,307.0,Y,M,I,M,V,K,C,W,M,I,-2.487138375477186
NMLDDFSAGA,=,307.504409,N,M,L,D,D,F,S,A,G,A,-2.487851347072877
KAKQLCYCPA,=,308.009734,K,A,K,Q,L,C,Y,C,P,A,-2.488564441681245
IMDKEQLLKI,=,311.446533,I,M,D,K,E,Q,L,L,K,I,-2.4933835007026963
DINESMSQMV,=,312.303623,D,I,N,E,S,M,S,Q,M,V,-2.4945770224619666
RLSCAASGFT,=,314.900413,R,L,S,C,A,A,S,G,F,T,-2.498173230225313
IILFCFLAAV,=,318.614684,I,I,L,F,C,F,L,A,A,V,-2.503265787263033
VIIMAINVFT,=,320.068866,V,I,I,M,A,I,N,V,F,T,-2.5052434311512957
SIPTAGLVAV,=,321.125251,S,I,P,T,A,G,L,V,A,V,-2.5066744567306025
YCNYTKFWYV,=,322.300527,Y,C,N,Y,T,K,F,W,Y,V,-2.5082610156364575
YTFAISYCRA,=,324.53047999999995,Y,T,F,A,I,S,Y,C,R,A,-2.5112554921199424
LIFLLVLLDY,=,329.25359199999997,L,I,F,L,L,V,L,L,D,Y,-2.5175305216057864
AMIHKTYIDV,=,335.261429,A,M,I,H,K,T,Y,I,D,V,-2.5253835917944176
IVNCLSLSNL,=,338.39814900000005,I,V,N,C,L,S,L,S,N,L,-2.529427978831275
ILYYGANGST,=,340.924349,I,L,Y,Y,G,A,N,G,S,T,-2.5326580198815978
YVSVMNFIPI,=,341.169822,Y,V,S,V,M,N,F,I,P,I,-2.5329706089008015
SLSAYIIRVT,=,343.272266,S,L,S,A,Y,I,I,R,V,T,-2.535638716884204
EILSNTTKTL,=,345.005874,E,I,L,S,N,T,T,K,T,L,-2.5378264893459397
VCFWSTLFYV,=,348.773851,V,C,F,W,S,T,L,F,Y,V,-2.542543916650113
YIIKLVFLWL,=,349.20479700000004,Y,I,I,K,L,V,F,L,W,L,-2.5430802009451026
WMMWYWGPSL,=,353.65281699999997,W,M,M,W,Y,W,G,P,S,L,-2.5485771217785196
ETIQKDINIT,=,354.296817,E,T,I,Q,K,D,I,N,I,T,-2.5493672506522698
LMLAAGITFV,=,355.220435,L,M,L,A,A,G,I,T,F,V,-2.5504979417700184
FTILEYLYIM,=,355.246579,F,T,I,L,E,Y,L,Y,I,M,-2.5505299043938034
DLLFNEKLKV,=,356.986852,D,L,L,F,N,E,K,L,K,V,-2.5526522211290006
YLLPRRGPRL,=,364.917919,Y,L,L,P,R,R,G,P,R,L,-2.562195189568404
KTIAVSVYGA,=,365.64018599999997,K,T,I,A,V,S,V,Y,G,A,-2.563053921194576
PTILATLNTL,=,374.25989500000003,P,T,I,L,A,T,L,N,T,L,-2.5731732914121226
TIDKSSPLYI,=,386.992757,T,I,D,K,S,S,P,L,Y,I,-2.5877028367905677
AMHDKKIDIL,=,387.112999,A,M,H,D,K,K,I,D,I,L,-2.587837754886986
NTDHPLSINV,=,387.94635,N,T,D,H,P,L,S,I,N,V,-2.5887716701561185
FIVYGRSNAI,=,390.661714,F,I,V,Y,G,R,S,N,A,I,-2.591800851170332
VMAGVGSPYV,=,391.0,V,M,A,G,V,G,S,P,Y,V,-2.5921767573958667
STSPTRTWKV,=,397.052782,S,T,S,P,T,R,T,W,K,V,-2.5988482433063202
IIGHIGHHYI,=,399.8542,I,I,G,H,I,G,H,H,Y,I,-2.601901662132059
AITLVVISVI,=,406.021008,A,I,T,L,V,V,I,S,V,I,-2.6085485050610298
MLIFNVKSKL,=,406.746399,M,L,I,F,N,V,K,S,K,L,-2.609323716737717
DIVNTTYDFL,=,408.100375,D,I,V,N,T,T,Y,D,F,L,-2.610766993842998
YVGDTSMMVI,=,408.20014399999997,Y,V,G,D,T,S,M,M,V,I,-2.610873153585329
SLVSKHWELT,=,409.269428,S,L,V,S,K,H,W,E,L,T,-2.6120093045114143
KIMSGEKPSV,=,411.436653,K,I,M,S,G,E,K,P,S,V,-2.6143029783810303
SINITPDDGL,=,412.684889,S,I,N,I,T,P,D,D,G,L,-2.615618566904883
VICSFLVFLV,=,415.0,V,I,C,S,F,L,V,F,L,V,-2.6180480967120925
NLFEKFFPSS,=,415.243253,N,L,F,E,K,F,F,P,S,S,-2.618302584630537
NLEELTTVFI,=,417.569503,N,L,E,E,L,T,T,V,F,I,-2.620728772651144
MILMTHFFSI,=,420.319658,M,I,L,M,T,H,F,F,S,I,-2.6235797020712934
FLDWIKDIMT,=,424.03659500000003,F,L,D,W,I,K,D,I,M,T,-2.6274033384812943
LLLVIKLALV,=,427.796404,L,L,L,V,I,K,L,A,L,V,-2.6312371296288686
RNHLRDLMGV,=,428.00484500000005,R,N,H,L,R,D,L,M,G,V,-2.6314486852394694
GLSQRHEEKV,=,428.922063,G,L,S,Q,R,H,E,E,K,V,-2.6323783861614642
VLYGPDAPTV,=,430.0,V,L,Y,G,P,D,A,P,T,V,-2.633468455579586
LLLCLIFLLV,=,431.88214400000004,L,L,L,C,L,I,F,L,L,V,-2.635365248681498
PLISILMIFI,=,433.012481,P,L,I,S,I,L,M,I,F,I,-2.6365004144857203
NMKEEMARHL,=,433.41224400000004,N,M,K,E,E,M,A,R,H,L,-2.636901176080535
ATICLKNEGV,=,436.37444000000005,A,T,I,C,L,K,N,E,G,V,-2.639859304491806
ALLSCLTTPA,=,438.89989699999995,A,L,L,S,C,L,T,T,P,A,-2.6423654789257727
TSAICSVVRR,=,439.76449,T,S,A,I,C,S,V,V,R,R,-2.6432201581314714
FIIFLFILLL,=,441.239528,F,I,I,F,L,F,I,L,L,L,-2.644674411345947
LLFLVLIMLI,=,447.053185,L,L,F,L,V,L,I,M,L,I,-2.650359193328821
ILLILSCIFA,=,447.95654,I,L,L,I,L,S,C,I,F,A,-2.651235881512123
AIFNNRNLAA,=,449.56945700000006,A,I,F,N,N,R,N,L,A,A,-2.6527967983195904
IISTDQDTML,=,450.57130700000005,I,I,S,T,D,Q,D,T,M,L,-2.653763531798965
HTCMSECVRL,=,451.56529000000006,H,T,C,M,S,E,C,V,R,L,-2.6547205520731145
GLLLLLLLLG,=,455.88649699999996,G,L,L,L,L,L,L,L,L,G,-2.658856728930991
LACTDPSERV,=,457.03521399999994,L,A,C,T,D,P,S,E,R,V,-2.6599496632136304
NTCKPTILAT,=,460.41514299999994,N,T,C,K,P,T,I,L,A,T,-2.66314959908718
LILSNKLLYA,=,467.66074000000003,L,I,L,S,N,K,L,L,Y,A,-2.6699309125276445
FMLCLLLLSV,=,472.01819800000004,F,M,L,C,L,L,L,L,S,V,-2.673958742571862
ETIEILRNYL,=,474.14826500000004,E,T,I,E,I,L,R,N,Y,L,-2.6759141657308514
VITYCLVTHM,=,477.98235199999993,V,I,T,Y,C,L,V,T,H,M,-2.679411861945785
DLYEEEMREL,=,484.72920899999997,D,L,Y,E,E,E,M,R,E,L,-2.685499190395992
HLRASTTENA,=,488.058546,H,L,R,A,S,T,T,E,N,A,-2.6884719217560957
IILVGYMSNL,=,491.769883,I,I,L,V,G,Y,M,S,N,L,-2.691761928128978
SINNQLMYDI,=,491.986395,S,I,N,N,Q,L,M,Y,D,I,-2.6919530932996345
CTINVNSLAL,=,494.183052,C,T,I,N,V,N,S,L,A,L,-2.6938878471990213
AAITLVVISV,=,500.96558799999997,A,A,I,T,L,V,V,I,S,V,-2.6998078946197532
IVDSMIIGHI,=,507.305896,I,V,D,S,M,I,I,G,H,I,-2.705269909795002
LTSVDIETAI,=,509.193954,L,T,S,V,D,I,E,T,A,I,-2.706883238343703
EMREQHDAQV,=,509.92385199999995,E,M,R,E,Q,H,D,A,Q,V,-2.7075053268325626
SLVDKEDTDI,=,510.19134299999996,S,L,V,D,K,E,D,T,D,I,-2.707733085165133
IAVITETIPI,=,515.353919,I,A,V,I,T,E,T,I,P,I,-2.7121055829794862
IASGQRCHFI,=,526.18142,I,A,S,G,Q,R,C,H,F,I,-2.721135508641478
HLENDKIEDL,=,526.1927459999999,H,L,E,N,D,K,I,E,D,L,-2.7211448566841443
ISFAISCFLL,=,527.1680832,I,S,F,A,I,S,C,F,L,L,-2.7219491085098535
TVGMSIVCIV,=,527.836844,T,V,G,M,S,I,V,C,I,V,-2.7224997015100696
GIILLILSCI,=,528.853248,G,I,I,L,L,I,L,S,C,I,-2.7233351759562865
SIQLDEKSSI,=,530.857413,S,I,Q,L,D,E,K,S,S,I,-2.724977886311291
SIYIAVANCV,=,533.675222,S,I,Y,I,A,V,A,N,C,V,-2.727277039418767
LLQSKNAGAV,=,533.850586,L,L,Q,S,K,N,A,G,A,V,-2.727419723778506
SIYSRPKIKT,=,534.999036,S,I,Y,S,R,P,K,I,K,T,-2.7283529994786906
NTYLFNILYK,=,536.210485,N,T,Y,L,F,N,I,L,Y,K,-2.729335301875735
NLETYTRPEI,=,539.443859,N,L,E,T,Y,T,R,P,E,I,-2.7319462534764045
ELKHGLLDSI,=,539.613714,E,L,K,H,G,L,L,D,S,I,-2.7320829785069844
PVLEKKVCAI,=,540.93038,P,V,L,E,K,K,V,C,A,I,-2.7331413731888805
LLCLIFLLVL,=,543.498137,L,L,C,L,I,F,L,L,V,L,-2.735198059752568
GAFMYTKHSM,=,543.966829,G,A,F,M,Y,T,K,H,S,M,-2.7355724173057396
QVLQQNNSFI,=,544.121215,Q,V,L,Q,Q,N,N,S,F,I,-2.735695659149454
MSPALFFTFL,=,546.602451,M,S,P,A,L,F,F,T,F,L,-2.7376715747649634
RIEDMFLTSV,=,548.15185,R,I,E,D,M,F,L,T,S,V,-2.7389008841810303
TLLLWISVKV,=,549.0031700000001,T,L,L,L,W,I,S,V,K,V,-2.739574852117729
LNKSDSSWAV,=,550.353642,L,N,K,S,D,S,S,W,A,V,-2.740641844792313
DIISSKQYPA,=,552.493205,D,I,I,S,S,K,Q,Y,P,A,-2.742326941091715
YTLLGCWSFV,=,555.274305,Y,T,L,L,G,C,W,S,F,V,-2.7445075772094634
AVFKDSFLGK,=,556.88398,A,V,F,K,D,S,F,L,G,K,-2.745764724627644
FIFFLLLAGR,=,557.745908,F,I,F,F,L,L,L,A,G,R,-2.7464363926904536
RMRGAHTNDV,=,571.6947759999999,R,M,R,G,A,H,T,N,D,V,-2.757164223760994
RIASILSLET,=,582.912104,R,I,A,S,I,L,S,L,E,T,-2.765603073411453
KINEMVDELV,=,586.656033,K,I,N,E,M,V,D,E,L,V,-2.7683835411889026
VLEKKVCAIT,=,590.018418,V,L,E,K,K,V,C,A,I,T,-2.7708655687792976
IMQVFFGYFA,=,590.40656,I,M,Q,V,F,F,G,Y,F,A,-2.77115117428242
RIITILQDIV,=,595.265643,R,I,I,T,I,L,Q,D,I,V,-2.774710817061905
VLYGPDAPTI,=,606.0,V,L,Y,G,P,D,A,P,T,I,-2.782472624166286
LLLTLGIPGL,=,608.53402,L,L,L,T,L,G,I,P,G,L,-2.7842848624104186
NLPIYSEEIV,=,613.732924,N,L,P,I,Y,S,E,E,I,V,-2.787979421846722
YVIRHVDGKI,=,620.9201360000001,Y,V,I,R,H,V,D,G,K,I,-2.7930357439366413
RAAIDRQVSV,=,625.68394,R,A,A,I,D,R,Q,V,S,V,-2.796355007688257
YIEDELRRAA,=,627.9713370000001,Y,I,E,D,E,L,R,R,A,A,-2.7979398213377986
IMAFILGIII,=,631.82042,I,M,A,F,I,L,G,I,I,I,-2.8005936578939328
ATAGLTHMMI,=,635.5866990000001,A,T,A,G,L,T,H,M,M,I,-2.8031748000970995
RQAGVQYSRA,=,640.211316,R,Q,A,G,V,Q,Y,S,R,A,-2.806323346210682
STDQDTMLFA,=,646.115677,S,T,D,Q,D,T,M,L,F,A,-2.8103102786535317
PIIYSKAGNI,=,654.016204,P,I,I,Y,S,K,A,G,N,I,-2.815588508600422
CTVQEFIFSA,=,660.628137,C,T,V,Q,E,F,I,F,S,A,-2.8199570669085383
VLQQNNSFII,=,664.9049669999999,V,L,Q,Q,N,N,S,F,I,I,-2.822759577247727
MICCDSRIVV,=,665.440161,M,I,C,C,D,S,R,I,V,V,-2.823109008096302
LTGTFVTAFI,=,671.7983320000001,L,T,G,T,F,V,T,A,F,I,-2.8272389212024374
ITDDSDDYEL,=,686.895951,I,T,D,D,S,D,D,Y,E,L,-2.836890956377103
ELTCLNEASV,=,698.9955259999999,E,L,T,C,L,N,E,A,S,V,-2.844474396003578
IMSIGFEARI,=,702.734271,I,M,S,I,G,F,E,A,R,I,-2.8467911337610103
NIKISLNEIL,=,705.0199809999999,N,I,K,I,S,L,N,E,I,L,-2.8482014255234196
KIYTLIYRQL,=,706.952182,K,I,Y,T,L,I,Y,R,Q,L,-2.849390039262445
RLGIFRPLLR,=,709.947546,R,L,G,I,F,R,P,L,L,R,-2.851226262346831
RILSEKRKDT,=,711.005591,R,I,L,S,E,K,R,K,D,T,-2.8518730158224543
IIFLFILLLC,=,711.337709,I,I,F,L,F,I,L,L,L,C,-2.85207583186182
MIGNYFSGVL,=,711.9346419999999,M,I,G,N,Y,F,S,G,V,L,-2.852440125769426
IIPFIAYFVL,=,714.7585809999999,I,I,P,F,I,A,Y,F,V,L,-2.85415937796298
IINSVSIILA,=,718.945827,I,I,N,S,V,S,I,I,L,A,-2.856696167265589
VILFIMFMLI,=,721.939065,V,I,L,F,I,M,F,M,L,I,-2.8585005426512815
IVAAVIIMAI,=,726.822627,I,V,A,A,V,I,I,M,A,I,-2.861428439038143
AEMKTDAATL,=,727.0275790000001,A,E,M,K,T,D,A,A,T,L,-2.8615508856600536
IASKINNNRI,=,732.073939,I,A,S,K,I,N,N,N,R,I,-2.864554946738764
LALKNSQAEL,=,740.641224,L,A,L,K,N,S,Q,A,E,L,-2.8696078811639545
TTIGTIAGGV,=,741.323979,T,T,I,G,T,I,A,G,G,V,-2.870008048117093
IASSMKGENV,=,751.1385889999999,I,A,S,S,M,K,G,E,N,V,-2.8757200740015985
SMAVAARKKL,=,754.56273,S,M,A,V,A,A,R,K,K,L,-2.877695350354674
IIAVFDSKLI,=,757.948413,I,I,A,V,F,D,S,K,L,I,-2.879639647964715
GIKNLKSLLL,=,760.4447190000001,G,I,K,N,L,K,S,L,L,L,-2.8810676482300694
NASKTINALV,=,764.702381,N,A,S,K,T,I,N,A,L,V,-2.8834924424232065
STDFKMAVEV,=,773.585879,S,T,D,F,K,M,A,V,E,V,-2.8885085335563936
LLVLLDYQGM,=,799.3254440000001,L,L,V,L,L,D,Y,Q,G,M,-2.902723637582565
NIFMTLVPVL,=,806.991151,N,I,F,M,T,L,V,P,V,L,-2.9068687725251174
MVLMTHFFSV,=,807.707044,M,V,L,M,T,H,F,F,S,V,-2.90725387037296
YIRRNMINKL,=,819.843766,Y,I,R,R,N,M,I,N,K,L,-2.913731098690105
AERGPGQMLG,=,824.223181,A,E,R,G,P,G,Q,M,L,G,-2.9160448247467015
ITDNGPMPYM,=,827.787187,I,T,D,N,G,P,M,P,Y,M,-2.917918699839248
AAVTLNRIKI,=,829.757301,A,A,V,T,L,N,R,I,K,I,-2.9189510824365463
NLLEQLIENI,=,835.727821,N,L,L,E,Q,L,I,E,N,I,-2.9220648598740877
TQSGALEVLM,=,836.384994,T,Q,S,G,A,L,E,V,L,M,-2.9224062323217965
QQWNFAGIEA,=,838.1001570000001,Q,Q,W,N,F,A,G,I,E,A,-2.9232959220112216
RVSENTGMGM,=,838.7402860000001,R,V,S,E,N,T,G,M,G,M,-2.923627503357642
SIKMIYDLNA,=,852.1015189999999,S,I,K,M,I,Y,D,L,N,A,-2.930491339502643
KAAFDLSHFL,=,852.495431,K,A,A,F,D,L,S,H,F,L,-2.9306920600436492
PTSETMYLTM,=,861.9501560000001,P,T,S,E,T,M,Y,L,T,M,-2.935482152599615
SLKRFTHTTA,=,884.278631,S,L,K,R,F,T,H,T,T,A,-2.9465891302159513
SLIKYKKTLL,=,884.7978539999999,S,L,I,K,Y,K,K,T,L,L,-2.9468440606185244
DQDTMLFASA,=,891.428705,D,Q,D,T,M,L,F,A,S,A,-2.9500866147427356
LNMETLNMTM,=,893.4078220000001,L,N,M,E,T,L,N,M,T,M,-2.9510497505049336
MIYDLNAVTT,=,897.47929,M,I,Y,D,L,N,A,V,T,T,-2.9530244356988313
LTHFNNNENV,=,906.814884,L,T,H,F,N,N,N,E,N,V,-2.9575186398025384
NITRLEVIGL,=,906.977492,N,I,T,R,L,E,V,I,G,L,-2.957596509528133
LTFGWCFKLV,=,909.983308,L,T,F,G,W,C,F,K,L,V,-2.9590334260463913
VLVGPTPVNI,=,911.230143,V,L,V,G,P,T,P,V,N,I,-2.9596280775350965
RIYCSLFKNV,=,912.735202,R,I,Y,C,S,L,F,K,N,V,-2.96034480054607
MEDGTIVFSL,=,919.3907619999999,M,E,D,G,T,I,V,F,S,L,-2.9635001356633874
STTENAAYQV,=,927.516238,S,T,T,E,N,A,A,Y,Q,V,-2.9673215215345943
QAIMDKNIIL,=,936.75576,Q,A,I,M,D,K,N,I,I,L,-2.9716263721992755
IMEIVSHLRA,=,954.8911720000001,I,M,E,I,V,S,H,L,R,A,-2.979953878292588
FLFILLLCLI,=,955.805436,F,L,F,I,L,L,L,C,L,I,-2.980369496176499
GILGFVFTLT,=,960.093316,G,I,L,G,F,V,F,T,L,T,-2.9823134462211542
AMKAQFERDL,=,960.7564550000001,A,M,K,A,Q,F,E,R,D,L,-2.9826133110249766
CVDHPFIYVI,=,964.350875,C,V,D,H,P,F,I,Y,V,I,-2.9842350788727527
ILDNLRCHSA,=,972.232372,I,L,D,N,L,R,C,H,S,A,-2.9877700774944453
RAKRKPAMST,=,976.5956359999999,R,A,K,R,K,P,A,M,S,T,-2.9897147792709045
IALALEQYGI,=,980.180043,I,A,L,A,L,E,Q,Y,G,I,-2.99130585579423
LLLENKSLTI,=,982.2160660000001,L,L,L,E,N,K,S,L,T,I,-2.9922070335606854
SLVKESMASL,=,993.612741,S,L,V,K,E,S,M,A,S,L,-2.997217151784313
LAELLEMKYA,=,998.7093060000001,L,A,E,L,L,E,M,K,Y,A,-2.999439096662771
LLPLTSLVIT,=,999.453679,L,L,P,L,T,S,L,V,I,T,-2.9997626709695306
RQDYRRSINV,=,1009.887414,R,Q,D,Y,R,R,S,I,N,V,-3.0042729597193123
YAGTIKESLL,=,1019.3588,Y,A,G,T,I,K,E,S,L,L,-3.0083270764821926
DVFRPLFDFV,=,1020.9019369999999,D,V,F,R,P,L,F,D,F,V,-3.0089840278213615
IMTSTRTIIL,=,1022.2843539999999,I,M,T,S,T,R,T,I,I,L,-3.009571713994716
FMEEEIKAEM,=,1025.583241,F,M,E,E,E,I,K,A,E,M,-3.010970915450201
YLIIICVLVV,=,1034.5010849999999,Y,L,I,I,I,C,V,L,V,V,-3.0147309504964515
DTGKKELALT,=,1039.211022,D,T,G,K,K,E,L,A,L,T,-3.016703744270124
SVKNLILNFL,=,1044.4183,S,V,K,N,L,I,L,N,F,L,-3.0188744728017975
MSCDDVVFGI,=,1046.98894,M,S,C,D,D,V,V,F,G,I,-3.019942093978422
YVLLLFLLLA,=,1048.494027,Y,V,L,L,L,F,L,L,L,A,-3.0205659607447775
YCNYTRFWYI,=,1055.08643,Y,C,N,Y,T,R,F,W,Y,I,-3.023288037391625
RLYNSLKRFT,=,1055.823085,R,L,Y,N,S,L,K,R,F,T,-3.023591153382415
STAEQLSKYV,=,1060.895041,S,T,A,E,Q,L,S,K,Y,V,-3.025672419368522
DVQRTRCKYV,=,1065.604028,D,V,Q,R,T,R,C,K,Y,V,-3.0275958534693066
TILDDNLYKV,=,1081.734373,T,I,L,D,D,N,L,Y,K,V,-3.0341206299915013
ITLILSNKLL,=,1090.426741,I,T,L,I,L,S,N,K,L,L,-3.0375964933460025
SIAMLKSKNI,=,1093.077115,S,I,A,M,L,K,S,K,N,I,-3.0386508018743017
ETYTRPEIDV,=,1096.839211,E,T,Y,T,R,P,E,I,D,V,-3.0401429676900436
TSFFYRYGFV,=,1104.2414039999999,T,S,F,F,Y,R,Y,G,F,V,-3.0430640271652964
YCNYSKFWYL,=,1111.837166,Y,C,N,Y,S,K,F,W,Y,L,-3.0460411873486413
KTPDYPLIDI,=,1117.542692,K,T,P,D,Y,P,L,I,D,I,-3.048264122896475
FTEEQQQSFM,=,1119.670258,F,T,E,E,Q,Q,Q,S,F,M,-3.049090142120288
TTFITVLTSV,=,1121.1126960000001,T,T,F,I,T,V,L,T,S,V,-3.049649270749232
NLQKESRACL,=,1130.121488,N,L,Q,K,E,S,R,A,C,L,-3.053125132626767
CIVAAVIIMA,=,1131.742184,C,I,V,A,A,V,I,I,M,A,-3.053747503867628
DMDFDLNIFM,=,1146.8327980000001,D,M,D,F,D,L,N,I,F,M,-3.0595001047372437
IVAMLLTHGA,=,1157.020579,I,V,A,M,L,L,T,H,G,A,-3.0633410834691754
DTIAHINTLI,=,1160.340715,D,T,I,A,H,I,N,T,L,I,-3.0645855313973493
LQAGFFLLTR,=,1161.21136,L,Q,A,G,F,F,L,L,T,R,-3.0649112758344392
VITETIPIGM,=,1165.716312,V,I,T,E,T,I,P,I,G,M,-3.0665928736449444
VADLSARNKL,=,1173.6239859999998,V,A,D,L,S,A,R,N,K,L,-3.0695289768415255
MASLKSLYEA,=,1198.078161,M,A,S,L,K,S,L,Y,E,A,-3.0784851517625715
DVLPFDIKYI,=,1201.407403,D,V,L,P,F,D,I,K,Y,I,-3.0796903037160006
GLDLQPCIDL,=,1202.17904,G,L,D,L,Q,P,C,I,D,L,-3.079969151771265
RLLLLGLLLL,=,1204.7984789999998,R,L,L,L,L,G,L,L,L,L,-3.0809144105811237
SVQLSNNKYV,=,1222.500522,S,V,Q,L,S,N,N,K,Y,V,-3.0872490532366976
YIENTNQGNI,=,1223.466725,Y,I,E,N,T,N,Q,G,N,I,-3.0875921622081184
IVILFIMFML,=,1225.6172470000001,I,V,I,L,F,I,M,F,M,L,-3.0883548637639096
ELLEMKYALI,=,1226.568558,E,L,L,E,M,K,Y,A,L,I,-3.0886918277392805
KISVEKIKQT,=,1231.265569,K,I,S,V,E,K,I,K,Q,T,-3.0903517350695577
YCSNIKLQVV,=,1238.9393220000002,Y,C,S,N,I,K,L,Q,V,V,-3.0930500369927945
LLGLWGFAAQ,=,1240.2295470000001,L,L,G,L,W,G,F,A,A,Q,-3.093502073685823
QIYLSDSDNI,=,1240.697985,Q,I,Y,L,S,D,S,D,N,I,-3.0936660768969673
AADLTQIFEV,=,1240.9969119999998,A,A,D,L,T,Q,I,F,E,V,-3.0937707008355315
DLNRMPTDML,=,1247.849155,D,L,N,R,M,P,T,D,M,L,-3.0961620892642028
IVNTTYDFLA,=,1249.252103,I,V,N,T,T,Y,D,F,L,A,-3.0966500892097026
NLYISDYKML,=,1252.06007,N,L,Y,I,S,D,Y,K,M,L,-3.0976251654907885
EMKYALINLV,=,1258.6160320000001,E,M,K,Y,A,L,I,N,L,V,-3.099893259403195
LVFNSISARA,=,1274.139444,L,V,F,N,S,I,S,A,R,A,-3.1052169605313025
SAEVERLMEL,=,1280.44463,S,A,E,V,E,R,L,M,E,L,-3.107360803104813
KIDILQMREI,=,1282.605597,K,I,D,I,L,Q,M,R,E,I,-3.1080931307479998
AAVIIMAINV,=,1286.184142,A,A,V,I,I,M,A,I,N,V,-3.109303150648435
VLEWRFDSRL,=,1288.3395130000001,V,L,E,W,R,F,D,S,R,L,-3.1100303266824403
QLQVTEREEV,=,1297.079406,Q,L,Q,V,T,E,R,E,E,V,-3.112966564003911
YLSKEDRIIT,=,1302.626768,Y,L,S,K,E,D,R,I,I,T,-3.1148199983546045
GVLPLLLLYS,=,1303.365953,G,V,L,P,L,L,L,L,Y,S,-3.115066372009165
NLLVQYGAKI,=,1313.7394,N,L,L,V,Q,Y,G,A,K,I,-3.1185092249144484
ETMYLTMKAI,=,1320.780839,E,T,M,Y,L,T,M,K,A,I,-3.120830759848219
WVMDTLNGIM,=,1327.53972,W,V,M,D,T,L,N,G,I,M,-3.123047524042588
HQTLQDPRVR,=,1329.1461359999998,H,Q,T,L,Q,D,P,R,V,R,-3.123572733064116
HLEEERDLKI,=,1336.169873,H,L,E,E,E,R,D,L,K,I,-3.1258616753675694
PTWLGAAITL,=,1355.153492,P,T,W,L,G,A,A,I,T,L,-3.1319884885338904
PASISSVLTI,=,1355.472446,P,A,S,I,S,S,V,L,T,I,-3.1320906936820654
RVNDLNRMPT,=,1363.178753,R,V,N,D,L,N,R,M,P,T,-3.1345528084035754
IQKDINITHT,=,1363.596691,I,Q,K,D,I,N,I,T,H,T,-3.1346859386684813
LLLLVVMMCC,=,1368.2709830000001,L,L,L,L,V,V,M,M,C,C,-3.1361721169506573
AVFKNSFLGK,=,1374.008384,A,V,F,K,N,S,F,L,G,K,-3.1379893827335947
DLNSFEQLCI,=,1387.850064,D,L,N,S,F,E,Q,L,C,I,-3.142342549768168
MLLRSAIGQV,=,1387.9001039999998,M,L,L,R,S,A,I,G,Q,V,-3.142358208306985
GLYKQPGVPV,=,1400.0,G,L,Y,K,Q,P,G,V,P,V,-3.1461280356782377
FITVLTSVDI,=,1416.085593,F,I,T,V,L,T,S,V,D,I,-3.1510895043736293
LLNMRDLIVT,=,1420.752801,L,L,N,M,R,D,L,I,V,T,-3.1525185209248585
SLDQTHIKTI,=,1426.363716,S,L,D,Q,T,H,I,K,T,I,-3.154230282676127
LAISAVYFKA,=,1434.429241,L,A,I,S,A,V,Y,F,K,A,-3.156679129785796
PVKTDIVNTT,=,1435.235333,P,V,K,T,D,I,V,N,T,T,-3.156923117407127
TANNYETIEI,=,1440.570151,T,A,N,N,Y,E,T,I,E,I,-3.158534411835721
VTSPLTGNNT,=,1449.193826,V,T,S,P,L,T,G,N,N,T,-3.1611264751417956
LIISTDQDTM,=,1454.6152630000001,L,I,I,S,T,D,Q,D,T,M,-3.1627481402283344
IVCIVAAVII,=,1457.262706,I,V,C,I,V,A,A,V,I,I,-3.1635378506592677
DIYDAVRAFL,=,1463.909862,D,I,Y,D,A,V,R,A,F,L,-3.1655143365303124
LIFHFFLFLL,=,1468.0,L,I,F,H,F,F,L,F,L,L,-3.1667260555800514
IVNNFITKEI,=,1468.983389,I,V,N,N,F,I,T,K,E,I,-3.1670168848941183
SIVCIVAAVI,=,1510.7758099999999,S,I,V,C,I,V,A,A,V,I,-3.179200022443796
LMELPVKTDI,=,1513.0847119999999,L,M,E,L,P,V,K,T,D,I,-3.1798632432408107
EVTPEYIKDL,=,1522.2675869999998,E,V,T,P,E,Y,I,K,D,L,-3.182491000228896
IMLIIFWFSL,=,1535.910272,I,M,L,I,I,F,W,F,S,L,-3.186365844918463
TIAVSVYGAI,=,1548.449419,T,I,A,V,S,V,Y,G,A,I,-3.1898970234429065
VQTLISLNSM,=,1557.352768,V,Q,T,L,I,S,L,N,S,M,-3.1923869991080274
SQELAELLEM,=,1561.666797,S,Q,E,L,A,E,L,L,E,M,-3.1935883767494144
FLLFLVLIML,=,1573.816738,F,L,L,F,L,V,L,I,M,L,-3.1969541598470324
TIKESLLKET,=,1576.4353939999999,T,I,K,E,S,L,L,K,E,T,-3.19767617704762
LLGLWGIAAS,=,1580.500149,L,L,G,L,W,G,I,A,A,S,-3.1987945411182586
KIILFQNNDI,=,1613.857426,K,I,I,L,F,Q,N,N,D,I,-3.2078651649359515
EMVDVSMMSM,=,1615.695356,E,M,V,D,V,S,M,M,S,M,-3.2083594766857053
TTLLNETAKV,=,1644.138,T,T,L,L,N,E,T,A,K,V,-3.215938267050274
AMLKSKNINI,=,1652.876818,A,M,L,K,S,K,N,I,N,I,-3.218240488625117
NMKPNFWSRI,=,1679.4734,N,M,K,P,N,F,W,S,R,I,-3.22517312974678
TVPTNDHIPV,=,1679.7930620000002,T,V,P,T,N,D,H,I,P,V,-3.2252557831740463
ITHTNITTLL,=,1685.3153100000002,I,T,H,T,N,I,T,T,L,L,-3.226681166087063
NLILNFLDWI,=,1686.266301,N,L,I,L,N,F,L,D,W,I,-3.226926160989897
YIDISDVKVL,=,1694.778791,Y,I,D,I,S,D,V,K,V,L,-3.2291130204638936
AVTLNRIKIA,=,1718.758445,A,V,T,L,N,R,I,K,I,A,-3.2352148450552916
LAPPQHLIRV,=,1720.0,L,A,P,P,Q,H,L,I,R,V,-3.2355284469075487
LVGLLSNAAS,=,1720.502659,L,V,G,L,L,S,N,A,A,S,-3.235655348150285
TVLTSVDIET,=,1722.4553329999999,T,V,L,T,S,V,D,I,E,T,-3.23614796852849
TIILNKIVQL,=,1759.2049329999998,T,I,I,L,N,K,I,V,Q,L,-3.2453164341629175
AVKFAEESYT,=,1760.08336,A,V,K,F,A,E,E,S,Y,T,-3.245533237092951
TAYIGTSNWT,=,1765.393912,T,A,Y,I,G,T,S,N,W,T,-3.2468416245797638
TVKMGAFMYT,=,1775.626723,T,V,K,M,G,A,F,M,Y,T,-3.2493516724899068
AINVFTNSQI,=,1782.905441,A,I,N,V,F,T,N,S,Q,I,-3.251128310342542
NQLDSSNKSM,=,1783.5743,N,Q,L,D,S,S,N,K,S,M,-3.2512912058570946
SANMDWRSLT,=,1789.4699679999999,S,A,N,M,D,W,R,S,L,T,-3.252724414186584
HTYHLENDKI,=,1790.321417,H,T,Y,H,L,E,N,D,K,I,-3.2529310070125486
DVDIPTFNSL,=,1806.669705,D,V,D,I,P,T,F,N,S,L,-3.256878762186044
LMKTANNYET,=,1808.2121370000002,L,M,K,T,A,N,N,Y,E,T,-3.2572493799689997
EAAAATCALV,=,1813.728506,E,A,A,A,A,T,C,A,L,V,-3.2585722787712745
LLILGLIFFV,=,1818.806345,L,L,I,L,G,L,I,F,F,V,-3.259786460594474
DLNAVTTNNL,=,1827.822311,D,L,N,A,V,T,T,N,N,L,-3.26193397416421
LIKTLSPAHL,=,1851.098441,L,I,K,T,L,S,P,A,H,L,-3.267429515050198
VVYHDDDNTT,=,1859.8474210000002,V,V,Y,H,D,D,D,N,T,T,-3.2694773168330844
ELAYYNSCML,=,1866.59301,E,L,A,Y,Y,N,S,C,M,L,-3.2710496351534886
CLWWTCYMLV,=,1870.9474870000001,C,L,W,W,T,C,Y,M,L,V,-3.2720615980685923
EMDKDDESLI,=,1899.734598,E,M,D,K,D,D,E,S,L,I,-3.27869293217647
SVLTILYYGA,=,1908.36527,S,V,L,T,I,L,Y,Y,G,A,-3.2806615043108023
NITPDDGLGL,=,1914.0906850000001,N,I,T,P,D,D,G,L,G,L,-3.2819625097533205
PMSRLFMDEI,=,1934.13547,P,M,S,R,L,F,M,D,E,I,-3.286486889505517
IALCKVTVPT,=,1954.546232,I,A,L,C,K,V,T,V,P,T,-3.291045947505551
NTTTFITVLT,=,1960.694575,N,T,T,T,F,I,T,V,L,T,-3.292409947200234
RESGLLPSLL,=,1961.0613,R,E,S,G,L,L,P,S,L,L,-3.2924911693106442
MTSTRTIILV,=,1984.8806730000001,M,T,S,T,R,T,I,I,L,V,-3.2977344029805646
WSAIFFTTSL,=,2000.3892420000002,W,S,A,I,F,F,T,T,S,L,-3.301114510266452
FVNFNSVKNL,=,2017.7398420000002,F,V,N,F,N,S,V,K,N,L,-3.304865169597917
HMYRGGNGNT,=,2018.3539010000002,H,M,Y,R,G,G,N,G,N,T,-3.304997318380528
DIPTFNSLNT,=,2023.2791329999998,D,I,P,T,F,N,S,L,N,T,-3.3060558024737334
DIMTSTRTII,=,2026.4656530000002,D,I,M,T,S,T,R,T,I,I,-3.3067392471899826
DVDMDFDLNI,=,2034.578003,D,V,D,M,D,F,D,L,N,I,-3.3084743447781846
LVAEHRFENM,=,2054.090595,L,V,A,E,H,R,F,E,N,M,-3.312619594101049
NSFFGPIGKL,=,2078.423643,N,S,F,F,G,P,I,G,K,L,-3.317734074051332
SAVYFKAKWL,=,2110.334502,S,A,V,Y,F,K,A,K,W,L,-3.324351299306631
VLRLFVCFLI,=,2112.0,V,L,R,L,F,V,C,F,L,I,-3.324693913861774
KLWVTVYYGV,=,2115.02993,K,L,W,V,T,V,Y,Y,G,V,-3.32531651749918
LINLVQYRIL,=,2118.59693,L,I,N,L,V,Q,Y,R,I,L,-3.3260483386231185
SQAELTSNCT,=,2120.7383019999997,S,Q,A,E,L,T,S,N,C,T,-3.3264870801104043
ALKNSQAELT,=,2123.306933,A,L,K,N,S,Q,A,E,L,T,-3.327012777808608
TQVKELGIAI,=,2167.023944,T,Q,V,K,E,L,G,I,A,I,-3.3358637099767745
DQTHIKTIAV,=,2167.0975,D,Q,T,H,I,K,T,I,A,V,-3.335878451125737
VLAARLKRSA,=,2172.635201,V,L,A,A,R,L,K,R,S,A,-3.336986811689752
STSNPLGFFP,=,2188.307467,S,T,S,N,P,L,G,F,F,P,-3.340108342268413
YVHSLLYSSM,=,2198.2600260000004,Y,V,H,S,L,L,Y,S,S,M,-3.342079062599632
ITRLEVIGLT,=,2210.88033,I,T,R,L,E,V,I,G,L,T,-3.3445652358273845
LITNTKSDNI,=,2245.551466,L,I,T,N,T,K,S,D,N,I,-3.3513230131478613
KLLSTSNVIT,=,2260.82756,K,L,L,S,T,S,N,V,I,T,-3.3542674386848472
DVNSVQFSIL,=,2268.689202,D,V,N,S,V,Q,F,S,I,L,-3.3557750039935392
NVKSKLLWFL,=,2290.9019719999997,N,V,K,S,K,L,L,W,F,L,-3.3600065060683533
NIPELKHGLL,=,2297.598498,N,I,P,E,L,K,H,G,L,L,-3.3612741386526808
MMWYWGPSLY,=,2326.621663,M,M,W,Y,W,G,P,S,L,Y,-3.366725767459462
YVVIVENDNV,=,2334.829834,Y,V,V,I,V,E,N,D,N,V,-3.368255234003718
WLTPFEKEFT,=,2366.242621,W,L,T,P,F,E,K,E,F,T,-3.3740592726500447
LIFNVKSKLL,=,2387.942964,L,I,F,N,V,K,S,K,L,L,-3.378023949460728
DAEFVMCLEA,=,2408.0076129999998,D,A,E,F,V,M,C,L,E,A,-3.381657855625099
RLYDYFTRVT,=,2448.285084,R,L,Y,D,Y,F,T,R,V,T,-3.3888619866758978
KMNPPKFSKV,=,2456.942069,K,M,N,P,P,K,F,S,K,V,-3.3903949165898744
DTCLLAISAV,=,2461.2172379999997,D,T,C,L,L,A,I,S,A,V,-3.3911499481606935
CTNDIYCDEI,=,2461.86027,C,T,N,D,I,Y,C,D,E,I,-3.391263399655382
EVERLMELPV,=,2463.9447059999998,E,V,E,R,L,M,E,L,P,V,-3.3916309574905488
ALRPSTSRSL,=,2488.923452,A,L,R,P,S,T,S,R,S,L,-3.3960115398849213
VIPDELIDVL,=,2492.7332699999997,V,I,P,D,E,L,I,D,V,L,-3.396675810166622
ELRENTQTTI,=,2512.506085,E,L,R,E,N,T,Q,T,T,I,-3.400107122240972
DIKYISRDEL,=,2546.983662,D,I,K,Y,I,S,R,D,E,L,-3.4060261591269434
FQESFYEDIA,=,2555.462778,F,Q,E,S,F,Y,E,D,I,A,-3.4074695595518953
LLLLSVGVGI,=,2569.993812,L,L,L,L,S,V,G,V,G,I,-3.409932077643555
LCFWSAIFFT,=,2606.514498,L,C,F,W,S,A,I,F,F,T,-3.416060144910031
RVLLLLLLGL,=,2673.415777,R,V,L,L,L,L,L,L,G,L,-3.427066506685728
LVIGVAFLAV,=,2710.575819,L,V,I,G,V,A,F,L,A,V,-3.4330615596751994
LARNEEGRGI,=,2737.1887030000003,L,A,R,N,E,E,G,R,G,I,-3.4373047388959206
VAVNKSNKPL,=,2747.8532600000003,V,A,V,N,K,S,N,K,P,L,-3.438993536948704
ELTTVFIKYV,=,2794.6320100000003,E,L,T,T,V,F,I,K,Y,V,-3.4463246291998955
SVDIETAIRA,=,2826.504986,S,V,D,I,E,T,A,I,R,A,-3.451249755899225
ELEQTYHAKL,=,2838.096989,E,L,E,Q,T,Y,H,A,K,L,-3.453027232935325
TLLNETAKVI,=,2858.309752,T,L,L,N,E,T,A,K,V,I,-3.4561092910382283
CAVIPFDDIV,=,2921.6926489999996,C,A,V,I,P,F,D,D,I,V,-3.4656345278666207
QLKGQGKSRL,=,2924.904562,Q,L,K,G,Q,G,K,S,R,L,-3.466111699863337
DVRTLLGLIL,=,2932.460079,D,V,R,T,L,L,G,L,I,L,-3.467232108566587
IVDKFGKNHI,=,2933.117871,I,V,D,K,F,G,K,N,H,I,-3.4673295159966724
IKLEPVHGVY,=,2935.894497,I,K,L,E,P,V,H,G,V,Y,-3.467740444910931
NTVGMSIVCI,=,3023.2093489999997,N,T,V,G,M,S,I,V,C,I,-3.4804682219272274
LLKETIQKDI,=,3057.704862,L,L,K,E,T,I,Q,K,D,I,-3.485395563813192
STVDVRNIVT,=,3064.141046,S,T,V,D,V,R,N,I,V,T,-3.4863087525041827
STFNMWREIL,=,3118.87991,S,T,F,N,M,W,R,E,I,L,-3.4939986529141165
SQCQAIHNVV,=,3144.868616,S,Q,C,Q,A,I,H,N,V,V,-3.4976025065259346
ALEQYGIENT,=,3151.7393,A,L,E,Q,Y,G,I,E,N,T,-3.4985502870999117
ITFLRPVLKA,=,3157.630556,I,T,F,L,R,P,V,L,K,A,-3.499361316021732
ILKDPRIASI,=,3162.9824129999997,I,L,K,D,P,R,I,A,S,I,-3.5000967771328306
IPFIAYFVLM,=,3187.811732,I,P,F,I,A,Y,F,V,L,M,-3.503492664616201
DTSNNIAEYI,=,3325.675751,D,T,S,N,N,I,A,E,Y,I,-3.521879903808305
IAIFNNRNLA,=,3355.3176329999997,I,A,I,F,N,N,R,N,L,A,-3.525733639178508
FILLLCLIFL,=,3373.840411,F,I,L,L,L,C,L,I,F,L,-3.5281245357927444
DLFMSHVKSV,=,3380.590736,D,L,F,M,S,H,V,K,S,V,-3.528992597013822
LIVMLLFAGV,=,3388.331043,L,I,V,M,L,L,F,A,G,V,-3.529985834694297
QAFTFSPTYK,=,3409.540206,Q,A,F,T,F,S,P,T,Y,K,-3.5326958161007824
NIEIMDKEQL,=,3473.5353159999995,N,I,E,I,M,D,K,E,Q,L,-3.5407717187756402
RVKQWVMDTL,=,3475.0689350000002,R,V,K,Q,W,V,M,D,T,L,-3.5409634241184107
WLSVIWMMWY,=,3494.034615,W,L,S,V,I,W,M,M,W,Y,-3.5433272031738223
VMPEKRNVVV,=,3544.2649030000002,V,M,P,E,K,R,N,V,V,V,-3.549526174166393
GIIITVGMLI,=,3582.835318,G,I,I,I,T,V,G,M,L,I,-3.554226846645727
ILSVSSFLFV,=,3583.0,I,L,S,V,S,S,F,L,F,V,-3.5542468081661105
ETDDDGNYPL,=,3592.521263,E,T,D,D,D,G,N,Y,P,L,-3.5553993472658982
FLGPLLVLQA,=,3693.288742,F,L,G,P,L,L,V,L,Q,A,-3.567413262201562
LVDKEDTDIV,=,3697.6874299999995,L,V,D,K,E,D,T,D,I,V,-3.5679301969357837
LLLYQTFGRK,=,3716.1914020000004,L,L,L,Y,Q,T,F,G,R,K,-3.5700980741837465
LLYFILFFVA,=,3744.7277700000004,L,L,Y,F,I,L,F,F,V,A,-3.5734202513321187
VTLFIDRGSI,=,3829.7146340000004,V,T,L,F,I,D,R,G,S,I,-3.5831664143090003
RYYDGNIYDL,=,3834.2496200000005,R,Y,Y,D,G,N,I,Y,D,L,-3.5836803832054893
YTKHSMLTNA,=,3895.629245,Y,T,K,H,S,M,L,T,N,A,-3.5905776174795383
QILDNAAKYV,=,3929.031075,Q,I,L,D,N,A,A,K,Y,V,-3.594285463692858
NQGNILMDSI,=,3934.834131,N,Q,G,N,I,L,M,D,S,I,-3.5949264298311183
GTDDEVIERI,=,3941.4125619999995,G,T,D,D,E,V,I,E,R,I,-3.5956518964292536
NLVQYRILPM,=,3990.4173630000005,N,L,V,Q,Y,R,I,L,P,M,-3.6010183214933873
CTMERTNDLT,=,4053.011949,C,T,M,E,R,T,N,D,L,T,-3.6077778841209467
TITTFIPISA,=,4057.2849130000004,T,I,T,T,F,I,P,I,S,A,-3.608235506052634
PQIGGEAIFL,=,4057.8294079999996,P,Q,I,G,G,E,A,I,F,L,-3.6082937852499253
KIVQLPKRGV,=,4119.738345000001,K,I,V,Q,L,P,K,R,G,V,-3.6148696337682753
ELPYVGDTSM,=,4131.553499000001,E,L,P,Y,V,G,D,T,S,M,-3.6161133807570054
WVKKGGHVTL,=,4200.857062,W,V,K,K,G,G,H,V,T,L,-3.6233379045228147
PLESDAVECL,=,4229.780984,P,L,E,S,D,A,V,E,C,L,-3.626317880400391
NMALKKIREL,=,4233.534922,N,M,A,L,K,K,I,R,E,L,-3.626703146573563
KVFSFWLLCK,=,4250.162897,K,V,F,S,F,W,L,L,C,K,-3.6284055756767732
IQYRQQLELA,=,4323.826284000001,I,Q,Y,R,Q,Q,L,E,L,A,-3.63586823722028
LLGLILFVLA,=,4497.255883,L,L,G,L,I,L,F,V,L,A,-3.6529475985782547
GILHLILWIL,=,4516.385086,G,I,L,H,L,I,L,W,I,L,-3.6547909646069665
NASKFVYVSV,=,4545.976382,N,A,S,K,F,V,Y,V,S,V,-3.657627175077091
ELNGKNIEDV,=,4551.7926210000005,E,L,N,G,K,N,I,E,D,V,-3.658182467445237
VIVVPVIDRL,=,4570.758925,V,I,V,V,P,V,I,D,R,L,-3.6599883159506295
IAGGVCYYLL,=,4578.888632,I,A,G,G,V,C,Y,Y,L,L,-3.6607600807200877
DTPLIPLTIF,=,4614.660236,D,T,P,L,I,P,L,T,I,F,-3.6641397307005357
NVSRVVECLT,=,4660.272014,N,V,S,R,V,V,E,C,L,T,-3.668411266632374
WLRAKRKPAM,=,4668.988904999999,W,L,R,A,K,R,K,P,A,M,-3.6692228419104578
MAFILGIIIT,=,4680.625343,M,A,F,I,L,G,I,I,I,T,-3.6703038797560277
VTTNNLLEQL,=,4692.424183,V,T,T,N,N,L,L,E,Q,L,-3.6713972643150696
TIVSRSSRGV,=,4704.226324,T,I,V,S,R,S,S,R,G,V,-3.6724882078171994
KVTVPTNDHI,=,4714.911437,K,V,T,V,P,T,N,D,H,I,-3.673473539537094
ILLSRCLWWT,=,4737.352201,I,L,L,S,R,C,L,W,W,T,-3.6755356737853284
KYTAFTIPSI,=,4872.760324,K,Y,T,A,F,T,I,P,S,I,-3.6877750503051328
VTYNIKPVIV,=,4922.049489999999,V,T,Y,N,I,K,P,V,I,V,-3.6921459761131987
DYCNVLNKEF,=,4939.740907,D,Y,C,N,V,L,N,K,E,F,-3.693704170459862
EIDVSEVKTL,=,4953.532863,E,I,D,V,S,E,V,K,T,L,-3.69491504855845
TTPLISFFGL,=,4997.875504,T,T,P,L,I,S,F,F,G,L,-3.6987854337433674
AVNPGLLETS,=,5072.522959000001,A,V,N,P,G,L,L,E,T,S,-3.7052240213918193
FIISTLNKIL,=,5080.963443,F,I,I,S,T,L,N,K,I,L,-3.7059460702182094
EIVSHLRAST,=,5148.417265,E,I,V,S,H,L,R,A,S,T,-3.7116737380270783
IMECSRMLDT,=,5244.477918,I,M,E,C,S,R,M,L,D,T,-3.719702261144056
ETQSGALEVL,=,5307.923609,E,T,Q,S,G,A,L,E,V,L,-3.7249246639232756
FFGPIGKLIA,=,5328.93666,F,F,G,P,I,G,K,L,I,A,-3.7266405582262814
ELWKDVDRII,=,5426.184929,E,L,W,K,D,V,D,R,I,I,-3.734494590803323
ELRSKREQEV,=,5445.956458,E,L,R,S,K,R,E,Q,E,V,-3.736074164707595
AFEFINSLLK,=,5479.730591,A,F,E,F,I,N,S,L,L,K,-3.7387592070759332
LVIRNEVNDT,=,5495.650064,L,V,I,R,N,E,V,N,D,T,-3.740019071192644
SLLLENKSLT,=,5515.391858,S,L,L,L,E,N,K,S,L,T,-3.741576373661323
SLCPIRGWAI,=,5519.173006,S,L,C,P,I,R,G,W,A,I,-3.7418740078310746
NAILHNIYRL,=,5607.981476,N,A,I,L,H,N,I,Y,R,L,-3.748806570421464
MMMTACDDGR,=,5613.849609000001,M,M,M,T,A,C,D,D,G,R,-3.749260774016931
TSCPPTCPGY,=,5635.639765999999,T,S,C,P,P,T,C,P,G,Y,-3.750943224920213
DLTDYLMKIL,=,5668.310415,D,L,T,D,Y,L,M,K,I,L,-3.753453625596272
YVKNGTKGKL,=,5716.026525,Y,V,K,N,G,T,K,G,K,L,-3.7570942354503534
SVINRVSENT,=,5832.7376939999995,S,V,I,N,R,V,S,E,N,T,-3.7658724460665907
HINDQKFDDV,=,5857.791861,H,I,N,D,Q,K,F,D,D,V,-3.7677339362726734
TMERTNDLTA,=,5906.945145000001,T,M,E,R,T,N,D,L,T,A,-3.771362937789485
CTKLRSSPPI,=,5959.698909000001,C,T,K,L,R,S,S,P,P,I,-3.7752243192263224
YMLDLQPETT,=,6000.0,Y,M,L,D,L,Q,P,E,T,T,-3.778151250383643
MAAAKTPVIV,=,6006.234696,M,A,A,A,K,T,P,V,I,V,-3.778602298423448
YVILKDPRIA,=,6007.327482,Y,V,I,L,K,D,P,R,I,A,-3.77868130761722
NMWREILSNT,=,6064.730605,N,M,W,R,E,I,L,S,N,T,-3.782811514294033
PLKDVERLQM,=,6160.519455,P,L,K,D,V,E,R,L,Q,M,-3.789617333419082
GIKGLDERFV,=,6192.292934,G,I,K,G,L,D,E,R,F,V,-3.791851492993081
AIRGQYSGFV,=,6280.852983,A,I,R,G,Q,Y,S,G,F,V,-3.798018627917829
YASLTTIGTI,=,6294.821492,Y,A,S,L,T,T,I,G,T,I,-3.7989834189333824
VNPTLLFLKV,=,6364.919463,V,N,P,T,L,L,F,L,K,V,-3.803792912782137
NTLIQYRQQL,=,6370.542992000001,N,T,L,I,Q,Y,R,Q,Q,L,-3.80417645091919
CALVSDCAST,=,6409.652035,C,A,L,V,S,D,C,A,S,T,-3.80683445332829
SMYTRLRQDT,=,6557.890603,S,M,Y,T,R,L,R,Q,D,T,-3.816764167607864
PVDLVKSSFV,=,6608.952877000001,P,V,D,L,V,K,S,S,F,V,-3.8201326552851924
NINFNNSSII,=,6638.924448,N,I,N,F,N,N,S,S,I,I,-3.8220977263358193
TAIRAGYSIV,=,6822.2588829999995,T,A,I,R,A,G,Y,S,I,V,-3.833928195476703
FISYNRHNDT,=,6844.022663,F,I,S,Y,N,R,H,N,D,T,-3.835311438975367
SAGFTATICL,=,6899.084801000001,S,A,G,F,T,A,T,I,C,L,-3.8387914831666285
GVEVRYIDIT,=,6951.50857,G,V,E,V,R,Y,I,D,I,T,-3.8420790625083585
FAVNPGLLET,=,6982.540959999999,F,A,V,N,P,G,L,L,E,T,-3.8440134919777407
QQNNSFIIST,=,6998.13408,Q,Q,N,N,S,F,I,I,S,T,-3.844982259045187
GLESIEQNLT,=,7023.411370999999,G,L,E,S,I,E,Q,N,L,T,-3.846548106394806
KLYIALCKVT,=,7108.861947,K,L,Y,I,A,L,C,K,V,T,-3.8518000803784314
DINVIGLIVI,=,7150.241177,D,I,N,V,I,G,L,I,V,I,-3.854320690762447
LISSDGARVI,=,7183.620392,L,I,S,S,D,G,A,R,V,I,-3.856343374603631
GANGSTAEQL,=,7283.855183,G,A,N,G,S,T,A,E,Q,L,-3.8623613026021237
LSVIWMMWYW,=,7356.993145,L,S,V,I,W,M,M,W,Y,W,-3.866700351381623
TPKPAVRFAI,=,7396.888626999999,T,P,K,P,A,V,R,F,A,I,-3.869049079693733
RTLNAWVKVV,=,7436.249434,R,T,L,N,A,W,V,K,V,V,-3.871353948877289
LQDIVNEHDI,=,7627.522067,L,Q,D,I,V,N,E,H,D,I,-3.882383472763146
PLTGNNTITT,=,7670.724295,P,L,T,G,N,N,T,I,T,T,-3.8848363733975506
LTKDRKMLEL,=,7696.4912,L,T,K,D,R,K,M,L,E,L,-3.886292777148521
FANVISKIYT,=,7785.310426000001,F,A,N,V,I,S,K,I,Y,T,-3.8912759340025356
AVFIHNFKRK,=,7817.008356,A,V,F,I,H,N,F,K,R,K,-3.8930405761969475
KTEHCDDFMT,=,7822.327735,K,T,E,H,C,D,D,F,M,T,-3.8933360077961527
TISWMMKLGI,=,7843.919917,T,I,S,W,M,M,K,L,G,I,-3.894533151061206
IAVSVYGAIT,=,7892.283294,I,A,V,S,V,Y,G,A,I,T,-3.8972026658873995
AIDRQVSVKL,=,7896.131923000001,A,I,D,R,Q,V,S,V,K,L,-3.897414395607923
NMDKVSAQNI,=,8022.133935,N,M,D,K,V,S,A,Q,N,I,-3.9042899085488765
ETFPNVHEHI,=,8023.687559,E,T,F,P,N,V,H,E,H,I,-3.9043740089899175
AAAKTPVIVV,=,8038.251748999999,A,A,A,K,T,P,V,I,V,V,-3.9051616036835113
AVEVGSIRCV,=,8062.029236,A,V,E,V,G,S,I,R,C,V,-3.9064443687377035
VILPDKIDGL,=,8086.198817,V,I,L,P,D,K,I,D,G,L,-3.9077444152148835
CTFMIITSTK,=,8138.801295,C,T,F,M,I,I,T,S,T,K,-3.9105604455154808
ALEPRKEIDV,=,8368.194359000001,A,L,E,P,R,K,E,I,D,V,-3.9226317585285715
VVECLTVPNI,=,8421.86825,V,V,E,C,L,T,V,P,N,I,-3.925408443122533
LVSDCASTIT,=,8440.339942,L,V,S,D,C,A,S,T,I,T,-3.9263599385642407
LLDEPLSPDT,=,8512.813315000001,L,L,D,E,P,L,S,P,D,T,-3.930073109469624
EQLLKILDNL,=,8543.706207,E,Q,L,L,K,I,L,D,N,L,-3.9316463058276843
RGPYRAFVTI,=,8545.132514,R,G,P,Y,R,A,F,V,T,I,-3.9317188019488256
CVRLNNPVIL,=,8559.529790999999,C,V,R,L,N,N,P,V,I,L,-3.9324499078099855
EAFETQSGAL,=,8563.921647,E,A,F,E,T,Q,S,G,A,L,-3.932672685195123
DTDIVNNFIT,=,8590.412139,D,T,D,I,V,N,N,F,I,T,-3.9340140003154964
LFNSHRISHF,=,8621.337373,L,F,N,S,H,R,I,S,H,F,-3.935574640379568
VQMMIMIKFM,=,8713.0,V,Q,M,M,I,M,I,K,F,M,-3.9401677140340743
EMRQKHSQAV,=,8730.581303,E,M,R,Q,K,H,S,Q,A,V,-3.9410431610343717
DLKHATDYIA,=,8755.778288,D,L,K,H,A,T,D,Y,I,A,-3.942294755920419
TTNNLLEQLI,=,8877.767697,T,T,N,N,L,L,E,Q,L,I,-3.9483037767300124
SSCKMALLFK,=,8879.512445,S,S,C,K,M,A,L,L,F,K,-3.9483891202539185
LMSDNPKAST,=,8879.716618999999,L,M,S,D,N,P,K,A,S,T,-3.9483991062326145
NIREGTHVLL,=,8881.894736,N,I,R,E,G,T,H,V,L,L,-3.948505621816125
VPLDEDFRKY,=,9024.561028,V,P,L,D,E,D,F,R,K,Y,-3.9554260861728356
HAKYMVTDKT,=,9031.61066,H,A,K,Y,M,V,T,D,K,T,-3.9557652074977225
GTKGKLYIAL,=,9071.126195,G,T,K,G,K,L,Y,I,A,L,-3.957661208770293
KTPVIVVPVI,=,9090.909091,K,T,P,V,I,V,V,P,V,I,-3.9586073148461174
LQDPRVRGLY,=,9095.451562,L,Q,D,P,R,V,R,G,L,Y,-3.958824265358446
PASTNRQSGR,=,9097.313596,P,A,S,T,N,R,Q,S,G,R,-3.958913165653384
KINNNRIVAM,=,9121.989212999999,K,I,N,N,N,R,I,V,A,M,-3.960089554340202
PVVYHDDDNT,=,9140.375379000001,P,V,V,Y,H,D,D,D,N,T,-3.96096403180393
GVIHTNHSDI,=,9155.208607999999,G,V,I,H,T,N,H,S,D,I,-3.9616682444619755
KINRQILDNA,=,9252.294027,K,I,N,R,Q,I,L,D,N,A,-3.9662494256846843
KTRLFRSPQV,=,9271.452865000001,K,T,R,L,F,R,S,P,Q,V,-3.967147794749924
VMVTILLCCM,=,9393.364366,V,M,V,T,I,L,L,C,C,M,-3.9728211688258854
FTDCRTIDAI,=,9441.0871,F,T,D,C,R,T,I,D,A,I,-3.9750220042926516
YLLFASMGFK,=,9565.995869,Y,L,L,F,A,S,M,G,F,K,-3.9807301889893325
EIRGVLPEET,=,9601.360745999998,E,I,R,G,V,L,P,E,E,T,-3.982332787477077
LLTHGADPNA,=,9611.009145999999,L,L,T,H,G,A,D,P,N,A,-3.9827689905332337
EMQLKIDKLT,=,9659.078182,E,M,Q,L,K,I,D,K,L,T,-3.9849356813250747
MAAEQRRSTI,=,9720.896406,M,A,A,E,Q,R,R,S,T,I,-3.987706314949842
FASPLHVAWR,=,9859.589579000001,F,A,S,P,L,H,V,A,W,R,-3.993858837123225
NIYRLFTRCA,=,9888.513796,N,I,Y,R,L,F,T,R,C,A,-3.9951310237814015
STTVKAACWW,=,9921.567416,S,T,T,V,K,A,A,C,W,W,-3.996580287713301
IIRVTTELNI,=,9957.067123,I,I,R,V,T,T,E,L,N,I,-3.9981314348223758
VLLGGVGLVL,>,10000.0,V,L,L,G,G,V,G,L,V,L,-4.0
RWMCLRRFII,=,10054.409109999999,R,W,M,C,L,R,R,F,I,I,-4.002356552525306
VQYRILPMII,=,10058.630309999999,V,Q,Y,R,I,L,P,M,I,I,-4.002538846593909
DINAQQFANV,=,10186.01692,D,I,N,A,Q,Q,F,A,N,V,-4.008004393247633
NVTGFMEEEI,=,10256.72373,N,V,T,G,F,M,E,E,E,I,-4.0110086577340205
RINLLVQYGA,=,10268.97935,R,I,N,L,L,V,Q,Y,G,A,-4.011527280531015
NIKPVIVPDI,=,10315.924659999999,N,I,K,P,V,I,V,P,D,I,-4.013508161706909
NITHTNITTL,=,10371.16077,N,I,T,H,T,N,I,T,T,L,-4.015827366590936
SFFGPIGKLI,=,10439.087379999999,S,F,F,G,P,I,G,K,L,I,-4.018662532846845
ELVNQIIEQL,=,10441.94752,E,L,V,N,Q,I,I,E,Q,L,-4.018781506167199
EVIGLTTHCT,=,10453.38572,E,V,I,G,L,T,T,H,C,T,-4.0192569757452175
KQYIVATLMK,=,10586.295259999999,K,Q,Y,I,V,A,T,L,M,K,-4.024744002634702
SQAKKPEVRI,=,10697.658379999999,S,Q,A,K,K,P,E,V,R,I,-4.029288724980777
DVGCLLTDTI,=,10702.17406,D,V,G,C,L,L,T,D,T,I,-4.02947201005468
SASDMQKFTI,=,10825.461379999999,S,A,S,D,M,Q,K,F,T,I,-4.0344464150039725
RTIDAINKCV,=,10831.79577,R,T,I,D,A,I,N,K,C,V,-4.034700462936509
IVCSKTVKNV,=,10840.49524,I,V,C,S,K,T,V,K,N,V,-4.035049123077483
LALWDSNFFT,=,10982.57866,L,A,L,W,D,S,N,F,F,T,-4.040704322475178
PTNDIPSLFI,=,11028.76589,P,T,N,D,I,P,S,L,F,I,-4.042526917957045
TAGNKVDVDI,=,11046.922359999999,T,A,G,N,K,V,D,V,D,I,-4.0432413017099345
FVKKMLPKII,=,11056.460659999999,F,V,K,K,M,L,P,K,I,I,-4.043616124994689
DIDLLFNEKL,=,11180.339890000001,D,I,D,L,L,F,N,E,K,L,-4.04845500660118
EISSNDNAKI,=,11222.95941,E,I,S,S,N,D,N,A,K,I,-4.050107392210846
PLSPDTCLLA,=,11248.23074,P,L,S,P,D,T,C,L,L,A,-4.051084216644536
DMICCDSRIV,=,11298.83095,D,M,I,C,C,D,S,R,I,V,-4.053033510896805
MSIQLINKAV,=,11376.89773,M,S,I,Q,L,I,N,K,A,V,-4.05602385411376
PTEMVDVSMM,=,11510.00317,P,T,E,M,V,D,V,S,M,M,-4.061075443239984
FGDSEEPVTY,=,11596.50291,F,G,D,S,E,E,P,V,T,Y,-4.064327041307129
GIFKNNDVRT,=,11613.55928,G,I,F,K,N,N,D,V,R,T,-4.064965341079451
DMEISAYRKL,=,11688.06647,D,M,E,I,S,A,Y,R,K,L,-4.067742672764718
PIPYSRVNHA,=,11729.26324,P,I,P,Y,S,R,V,N,H,A,-4.069270733270552
EVGTNFGTII,=,11746.70087,E,V,G,T,N,F,G,T,I,I,-4.069915909574601
FAFIDFSKST,=,11786.59795,F,A,F,I,D,F,S,K,S,T,-4.071388469662423
EMKTDAATLA,=,11790.88685,E,M,K,T,D,A,A,T,L,A,-4.0715464717258145
LTQVKELGIA,=,11815.66665,L,T,Q,V,K,E,L,G,I,A,-4.072458229925108
KIKLPTWLGA,=,11877.11374,K,I,K,L,P,T,W,L,G,A,-4.074710915469749
EVVMAYVGIK,=,11964.501,E,V,V,M,A,Y,V,G,I,K,-4.077894590332188
KVEKYLPEVI,=,12079.74299,K,V,E,K,Y,L,P,E,V,I,-4.082057694284105
DTSPTKRCRL,=,12248.69865,D,T,S,P,T,K,R,C,R,L,-4.0880899499947665
RVTKRDESSI,=,12274.08986,R,V,T,K,R,D,E,S,S,I,-4.08898929847857
DITNILGGVL,=,12291.00427,D,I,T,N,I,L,G,G,V,L,-4.089587369550448
CLEAKTHFST,=,12359.56265,C,L,E,A,K,T,H,F,S,T,-4.092003103272848
LVQYRILPMI,=,12482.32215,L,V,Q,Y,R,I,L,P,M,I,-4.09629538687825
NINIEVKLFI,=,12518.64281,N,I,N,I,E,V,K,L,F,I,-4.097557248037566
CVRNLEELTT,=,12585.90615,C,V,R,N,L,E,E,L,T,T,-4.099884488996634
YLVQQESSFV,=,12691.19663,Y,L,V,Q,Q,E,S,S,F,V,-4.103502572867344
EVRYIDITNI,=,12922.15941,E,V,R,Y,I,D,I,T,N,I,-4.111335094269259
LVDTLVKSGL,=,13134.340059999999,L,V,D,T,L,V,K,S,G,L,-4.118408256375942
MWAQDAAAMF,=,13185.29588,M,W,A,Q,D,A,A,A,M,F,-4.120089879871548
DAKRNSKSLV,=,13272.92551,D,A,K,R,N,S,K,S,L,V,-4.122966657063321
ITFHGAKEIA,=,13563.07309,I,T,F,H,G,A,K,E,I,A,-4.132358102128369
IIELPYVGDT,=,13660.122659999999,I,I,E,L,P,Y,V,G,D,T,-4.135454599076258
PVETLFGSYI,=,13693.46088,P,V,E,T,L,F,G,S,Y,I,-4.136513225426285
PTIEDDKIVT,=,13816.98559,P,T,I,E,D,D,K,I,V,T,-4.140413304657243
EQYTCNKPYT,=,14030.9153,E,Q,Y,T,C,N,K,P,Y,T,-4.147086002943778
TINALVYFST,=,14071.477019999998,T,I,N,A,L,V,Y,F,S,T,-4.148339685776523
ELVMDKNHAI,=,14160.392280000002,E,L,V,M,D,K,N,H,A,I,-4.1510752846164305
DIFREIASSM,=,14220.390640000001,D,I,F,R,E,I,A,S,S,M,-4.152911526806276
NVITDQTVNI,=,14241.298030000002,N,V,I,T,D,Q,T,V,N,I,-4.153549575085596
KVIKLVKSLV,=,14264.35775,K,V,I,K,L,V,K,S,L,V,-4.15425222240668
LPIFFCLWVY,=,14334.55448,L,P,I,F,F,C,L,W,V,Y,-4.156384199557749
DIIDLLLPST,=,14477.44345,D,I,I,D,L,L,L,P,S,T,-4.1606918772213035
DINITHTNIT,=,14516.43637,D,I,N,I,T,H,T,N,I,T,-4.161860014794062
ELTSNCTRTT,=,14583.68499,E,L,T,S,N,C,T,R,T,T,-4.163867274915827
VVIVENDNVI,=,14678.85566,V,V,I,V,E,N,D,N,V,I,-4.16669219999975
VAKCCSKTNT,=,14680.675630000002,V,A,K,C,C,S,K,T,N,T,-4.166746043020706
SVDEEGCGPL,=,14802.29629,S,V,D,E,E,G,C,G,P,L,-4.170329093011077
FLGKIWPSHK,=,14822.08948,F,L,G,K,I,W,P,S,H,K,-4.17090943074649
DMKKKMEDSV,=,14862.838730000001,D,M,K,K,K,M,E,D,S,V,-4.172101765483333
SITPNNLNKI,=,14915.76591,S,I,T,P,N,N,L,N,K,I,-4.1736455588678005
ELVKHGLRAL,=,15913.20125,E,L,V,K,H,G,L,R,A,L,-4.201757555219136
TSAVLLLLVV,=,16171.03895,T,S,A,V,L,L,L,L,V,V,-4.208737923169053
TVEFDRDKVV,=,16242.85423,T,V,E,F,D,R,D,K,V,V,-4.210662346790757
LLLGLLLLCV,=,16885.86851,L,L,L,G,L,L,L,L,C,V,-4.2275234031058755
EIKAEMQLKI,=,16937.68715,E,I,K,A,E,M,Q,L,K,I,-4.22885410690561
SIENKHQRRL,=,16994.5292,S,I,E,N,K,H,Q,R,R,L,-4.230309137811445
TIEDDKIVTM,=,17010.88119,T,I,E,D,D,K,I,V,T,M,-4.230726811322282
FTHTTAFFNT,=,17233.85496,F,T,H,T,T,A,F,F,N,T,-4.236382433605683
RPSTKNFFEL,=,17300.47121,R,P,S,T,K,N,F,F,E,L,-4.23805793209503
SVNASKTINA,=,17301.68655,S,V,N,A,S,K,T,I,N,A,-4.238088439756402
NLERETGLSA,=,17602.29549,N,L,E,R,E,T,G,L,S,A,-4.245569307225177
SNSEDLLKAV,=,17752.04934,S,N,S,E,D,L,L,K,A,V,-4.249248496302588
QVKDNIISRT,=,17769.79998,Q,V,K,D,N,I,I,S,R,T,-4.249682539337593
DLAIKQYGDI,=,17889.35515,D,L,A,I,K,Q,Y,G,D,I,-4.252594686020469
DVSVSVGTGI,=,17910.96522,D,V,S,V,S,V,G,T,G,I,-4.253118990562855
KLVDFRELNK,=,18022.2834,K,L,V,D,F,R,E,L,N,K,-4.255809814678327
YVEHDPRLVA,=,18590.62359,Y,V,E,H,D,P,R,L,V,A,-4.2692939576661315
KGAVDLSHFL,=,18668.32615,K,G,A,V,D,L,S,H,F,L,-4.271105379737649
MLQGKKASVY,=,18672.75359,M,L,Q,G,K,K,A,S,V,Y,-4.271208366195639
WILWISFAIS,=,18680.02927,W,I,L,W,I,S,F,A,I,S,-4.271377552396725
ITPTIEDDKI,=,18680.13968,I,T,P,T,I,E,D,D,K,I,-4.2713801193258965
VMDKNHAIFT,=,18710.52509,V,M,D,K,N,H,A,I,F,T,-4.272085975660863
EVIERINLLV,=,19666.508319999997,E,V,I,E,R,I,N,L,L,V,-4.293727260175342
GIRCVSNLDI,=,20073.87671,G,I,R,C,V,S,N,L,D,I,-4.3026312524664085
AATKRYPGVM,=,20135.6072,A,A,T,K,R,Y,P,G,V,M,-4.3039647305232025
EVMPEKRNVV,=,20160.36073,E,V,M,P,E,K,R,N,V,V,-4.30449829868851
WTTYMDTFFR,=,20215.684380000002,W,T,T,Y,M,D,T,F,F,R,-4.30568844848574
QTGINNVQSL,=,20216.62114,Q,T,G,I,N,N,V,Q,S,L,-4.305708572477865
NISFKSINKV,=,20309.05986,N,I,S,F,K,S,I,N,K,V,-4.307689819659633
GTITGGVCYY,=,20497.80625,G,T,I,T,G,G,V,C,Y,Y,-4.3117073837630535
IARIENEMKI,=,20592.621730000003,I,A,R,I,E,N,E,M,K,I,-4.313711641925894
SSTTSAGPCR,=,20720.09725,S,S,T,T,S,A,G,P,C,R,-4.316391789443815
DVEKRILNTI,=,20971.46174,D,V,E,K,R,I,L,N,T,I,-4.321628702448717
DLEALKKETI,=,21230.728740000002,D,L,E,A,L,K,K,E,T,I,-4.3269649014824845
SAAFEDLRLL,=,21353.11066,S,A,A,F,E,D,L,R,L,L,-4.329461150745941
ELENKKVEYV,=,21366.36935,E,L,E,N,K,K,V,E,Y,V,-4.329730731559556
PGYRWMCLRR,=,21435.87718,P,G,Y,R,W,M,C,L,R,R,-4.331141260024817
HTKFWISDNT,=,21528.08701,H,T,K,F,W,I,S,D,N,T,-4.333005440045855
SARALKAYFT,=,21577.451559999998,S,A,R,A,L,K,A,Y,F,T,-4.334000150319759
VTDKTAYIGT,=,21761.46531,V,T,D,K,T,A,Y,I,G,T,-4.337688135264266
KTPLYYLSGT,=,21883.31388,K,T,P,L,Y,Y,L,S,G,T,-4.340113089636723
VWLSVIWMMW,=,22571.74916,V,W,L,S,V,I,W,M,M,W,-4.353565215307327
EQRRSTIFDI,=,22954.59728,E,Q,R,R,S,T,I,F,D,I,-4.36086967782049
VQPPQLTLQV,=,23305.82933,V,Q,P,P,Q,L,T,L,Q,V,-4.367464561764819
PIPSSWAFGK,=,23333.33333,P,I,P,S,S,W,A,F,G,K,-4.367976785232552
AIKQYGDIDL,=,23410.682230000002,A,I,K,Q,Y,G,D,I,D,L,-4.369414070014742
NTGMGMYYPT,=,23428.97997,N,T,G,M,G,M,Y,Y,P,T,-4.369753381083366
DTCGASINIT,=,23596.98965,D,T,C,G,A,S,I,N,I,T,-4.3728566020470785
SAVTDRETDV,=,23649.30846,S,A,V,T,D,R,E,T,D,V,-4.373818445860424
ATPYDINQML,=,23740.16841,A,T,P,Y,D,I,N,Q,M,L,-4.37548379546416
RTWKVLSIMA,=,23978.47796,R,T,W,K,V,L,S,I,M,A,-4.379821612684773
IAYERMCNIL,=,24032.592109999998,I,A,Y,E,R,M,C,N,I,L,-4.380800615512899
VWMPSSPRPL,=,24791.80309,V,W,M,P,S,S,P,R,P,L,-4.394308113841663
GVIAAFAEGH,=,24944.06802,G,V,I,A,A,F,A,E,G,H,-4.3969672821243675
DIVSDSKKIM,=,25087.2603,D,I,V,S,D,S,K,K,I,M,-4.399453235983448
AQTVEDEARR,=,25128.53555,A,Q,T,V,E,D,E,A,R,R,-4.400167179357149
PQQLCTMERT,=,25175.44075,P,Q,Q,L,C,T,M,E,R,T,-4.400977082547098
AINKCVDIFT,=,25250.624219999998,A,I,N,K,C,V,D,I,F,T,-4.402272118769555
GTMPSLTMAC,=,25264.557630000003,G,T,M,P,S,L,T,M,A,C,-4.402511698357668
TAATKRYPGV,=,25496.25389,T,A,A,T,K,R,Y,P,G,V,-4.406476375162766
QMYRKFSRCT,=,25722.8412,Q,M,Y,R,K,F,S,R,C,T,-4.410318936621302
ETAIRAGYSI,=,25849.21311,E,T,A,I,R,A,G,Y,S,I,-4.412447327035903
QMNSLRAEDT,=,26353.143819999998,Q,M,N,S,L,R,A,E,D,T,-4.420832432157102
VQLVESGGGL,=,26550.391219999998,V,Q,L,V,E,S,G,G,G,L,-4.424070924793587
FQTKGLGISY,=,26936.365710000002,F,Q,T,K,G,L,G,I,S,Y,-4.430338999755024
AVYFKAKWLT,=,27154.383789999996,A,V,Y,F,K,A,K,W,L,T,-4.433839951866663
VFAVLSIVNR,=,27172.089560000004,V,F,A,V,L,S,I,V,N,R,-4.434123037368332
DAIKSNNHLT,=,27355.9042,D,A,I,K,S,N,N,H,L,T,-4.437051074170357
KFLWEWASAR,=,27465.650489999996,K,F,L,W,E,W,A,S,A,R,-4.438789889207446
EIVKNIREGT,=,28485.631639999996,E,I,V,K,N,I,R,E,G,T,-4.454625853939272
ATQFNFNGHT,=,28552.53802,A,T,Q,F,N,F,N,G,H,T,-4.455644718504471
IAEYIAGLKI,=,28625.1287,I,A,E,Y,I,A,G,L,K,I,-4.456747447961889
TSTLQEQIGW,=,28936.048510000004,T,S,T,L,Q,E,Q,I,G,W,-4.461439223829581
TTENAAYQVL,=,29722.27215,T,T,E,N,A,A,Y,Q,V,L,-4.473082006450863
QTVDFTDCRT,=,30460.38495,Q,T,V,D,F,T,D,C,R,T,-4.483735387529387
NTKSDNIINI,=,30829.56,N,T,K,S,D,N,I,I,N,I,-4.488967326512572
TVKNVDIIDL,=,31304.951689999998,T,V,K,N,V,D,I,I,D,L,-4.495613037915653
TWEAWWTEYW,=,31374.751,T,W,E,A,W,W,T,E,Y,W,-4.496580287803673
TAFFNTCKPT,=,31583.08715,T,A,F,F,N,T,C,K,P,T,-4.499454578702086
PLTFGWCYKL,=,31701.73017,P,L,T,F,G,W,C,Y,K,L,-4.501082965144531
CVKYLLDNDI,=,31818.181819999998,C,V,K,Y,L,L,D,N,D,I,-4.502675359216867
TVDFTDCRTI,=,31843.01138,T,V,D,F,T,D,C,R,T,I,-4.5030141320516455
LVVDFSQFSR,=,32269.52609,L,V,V,D,F,S,Q,F,S,R,-4.508792587405479
LIQYRQQLEL,=,32828.53347,L,I,Q,Y,R,Q,Q,L,E,L,-4.516251482177637
ITNTKSDNII,=,32844.590469999996,I,T,N,T,K,S,D,N,I,I,-4.516463851141271
ICFWSTLFFT,=,33231.4174,I,C,F,W,S,T,L,F,F,T,-4.521548865379545
LADQLIHLHY,=,33308.1666,L,A,D,Q,L,I,H,L,H,Y,-4.5225507282355615
VIVPDIKLDA,=,33485.54113,V,I,V,P,D,I,K,L,D,A,-4.524857321575142
RVNHAKYMVT,=,33601.07525,R,V,N,H,A,K,Y,M,V,T,-4.526353175237161
VQLPKRGVRV,=,33730.859730000004,V,Q,L,P,K,R,G,V,R,V,-4.5280274106003064
DISDVKVLAA,=,33808.14797,D,I,S,D,V,K,V,L,A,A,-4.529021380513191
KTNTKHCPKI,=,33844.56449,K,T,N,T,K,H,C,P,K,I,-4.529488929991654
PLHIVCSKTV,=,34543.762910000005,P,L,H,I,V,C,S,K,T,V,-4.538369644234248
ATCALVSDCA,=,34711.929260000004,A,T,C,A,L,V,S,D,C,A,-4.540478752066334
LTNKKYRCMA,=,34807.16107,L,T,N,K,K,Y,R,C,M,A,-4.54166860294783
TTTAQGTSMY,=,35790.53246,T,T,T,A,Q,G,T,S,M,Y,-4.553768159488627
NVTYNIKPVI,=,35871.27,N,V,T,Y,N,I,K,P,V,I,-4.554746752874132
LAEYIRHRNT,=,36121.0981,L,A,E,Y,I,R,H,R,N,T,-4.557760944618254
STTGEWPLII,=,36260.83208,S,T,T,G,E,W,P,L,I,I,-4.5594377656614835
YTEAAAATCA,=,36480.80775,Y,T,E,A,A,A,A,T,C,A,-4.56206444581548
LAIKNYYRKT,=,36801.01672,L,A,I,K,N,Y,Y,R,K,T,-4.565859817309007
EENLLDFVRF,=,36841.90633,E,E,N,L,L,D,F,V,R,F,-4.566342094032407
VVKDKIKLPT,=,37317.85975,V,V,K,D,K,I,K,L,P,T,-4.5719167281768565
DVEKEKFVAT,=,37452.006760000004,D,V,E,K,E,K,F,V,A,T,-4.573475093102107
QELKNSAVSL,=,37482.076,Q,E,L,K,N,S,A,V,S,L,-4.573823636921607
TRLNAWVKVV,=,37482.076,T,R,L,N,A,W,V,K,V,V,-4.573823636921607
TPGPGVRYPL,=,37693.09483,T,P,G,P,G,V,R,Y,P,L,-4.576261797105001
ELAAHQKKIL,=,37869.902480000004,E,L,A,A,H,Q,K,K,I,L,-4.578294186756621
TFHQTLQDPR,=,37876.2839,T,F,H,Q,T,L,Q,D,P,R,-4.578367363127122
TTELNIVDEI,=,38729.83346,T,T,E,L,N,I,V,D,E,I,-4.588045629504582
FVGRYCSPTT,=,39056.67329,F,V,G,R,Y,C,S,P,T,T,-4.591695248851363
LMLHNPTSET,=,39298.44562,L,M,L,H,N,P,T,S,E,T,-4.594375372970668
NLCKYLRGHT,=,39629.6962,N,L,C,K,Y,L,R,G,H,T,-4.598020743059162
LAARLKRSAT,=,39954.321130000004,L,A,A,R,L,K,R,S,A,T,-4.601563755901069
ETFGFEIQSY,=,40755.57568,E,T,F,G,F,E,I,Q,S,Y,-4.610187032006306
PTRTWKVLSI,=,41932.96085,P,T,R,T,W,K,V,L,S,I,-4.622555528642971
RLLIWAYLSK,=,42305.705610000005,R,L,L,I,W,A,Y,L,S,K,-4.626398942974046
CAPHRVSGVI,=,42583.12305,C,A,P,H,R,V,S,G,V,I,-4.62923750946595
EVKLFIVPDA,=,42866.0705,E,V,K,L,F,I,V,P,D,A,-4.63211367389123
LARRPTPKKM,=,43693.14487,L,A,R,R,P,T,P,K,K,M,-4.640413304735513
ILSEKRKDTI,=,43989.30821,I,L,S,E,K,R,K,D,T,I,-4.643347132175952
LTDTIESAKT,=,44826.24841,L,T,D,T,I,E,S,A,K,T,-4.6515323934941035
PLIISTDQDT,=,45049.44361,P,L,I,I,S,T,D,Q,D,T,-4.653689431528202
DILQMREIIT,=,45480.54859,D,I,L,Q,M,R,E,I,I,T,-4.657825694541926
DVNEEYTEAA,=,46251.66221,D,V,N,E,E,Y,T,E,A,A,-4.665127345197404
SVEKIKQTGI,=,46316.06,S,V,E,K,I,K,Q,T,G,I,-4.665731607864519
RLLKNMKQCT,=,46770.717339999996,R,L,L,K,N,M,K,Q,C,T,-4.669974030896627
DISVNASKTI,=,46782.32153,D,I,S,V,N,A,S,K,T,I,-4.670081769475099
HPALVFDITK,=,47193.99037,H,P,A,L,V,F,D,I,T,K,-4.67388669958082
EPVDPRLEPW,=,47265.65934,E,P,V,D,P,R,L,E,P,W,-4.674545720533424
TLWKAGILYK,=,47531.26667,T,L,W,K,A,G,I,L,Y,K,-4.676979388047364
DTIESAKTKI,=,47925.72378,D,T,I,E,S,A,K,T,K,I,-4.68056868036672
QVPLRPMTYK,=,48014.47743,Q,V,P,L,R,P,M,T,Y,K,-4.681372206541427
LYSILSPFLP,=,48562.21546,L,Y,S,I,L,S,P,F,L,P,-4.686298491496054
VLKAMHDKKI,=,48850.42105,V,L,K,A,M,H,D,K,K,I,-4.688868311328149
PANINDKQIM,=,49525.03,P,A,N,I,N,D,K,Q,I,M,-4.694824747286415
DTTYQRTRAL,=,49580.17729,D,T,T,Y,Q,R,T,R,A,L,-4.6953080753953165
ETKRNIARHL,=,49962.26414,E,T,K,R,N,I,A,R,H,L,-4.698642111071749
TFFSYLMKDK,=,50308.8185,T,F,F,S,Y,L,M,K,D,K,-4.70164411806207
VAGFSGKEPI,=,50784.57524,V,A,G,F,S,G,K,E,P,I,-4.705731824382861
VASDVCKKNL,=,50912.34389,V,A,S,D,V,C,K,K,N,L,-4.706823091440422
PIQKETWETW,=,51702.699689999994,P,I,Q,K,E,T,W,E,T,W,-4.713513220654076
ISVNNVCHMY,=,52848.000530000005,I,S,V,N,N,V,C,H,M,Y,-4.723028560702775
IASAPQQLCT,=,53168.81677,I,A,S,A,P,Q,Q,L,C,T,-4.72565699554123
STSNVITDQT,=,53582.58812,S,T,S,N,V,I,T,D,Q,T,-4.729023686858761
QAPGKGLEWV,=,55965.18804,Q,A,P,G,K,G,L,E,W,V,-4.747917967304893
VEITPYKPTW,=,56436.98,V,E,I,T,P,Y,K,P,T,W,-4.751563766166179
YADSVKGRFT,=,56777.4974,Y,A,D,S,V,K,G,R,F,T,-4.754176246074249
VTDSQYALGI,=,60000.0,V,T,D,S,Q,Y,A,L,G,I,-4.778151250383643
TVLGLGLSLK,=,61303.58,T,V,L,G,L,G,L,S,L,K,-4.787485837142339
GRRGWEALKY,=,61919.77,G,R,R,G,W,E,A,L,K,Y,-4.791829334497892
ERILSTYLGR,=,62057.42905,E,R,I,L,S,T,Y,L,G,R,-4.79279377942529
VIPFDDIVRT,=,62749.50199,V,I,P,F,D,D,I,V,R,T,-4.797610283398443
CAVNTPVSMT,=,62861.85571,C,A,V,N,T,P,V,S,M,T,-4.798387197437483
AVFDRKSDAK,=,64623.03276,A,V,F,D,R,K,S,D,A,K,-4.8103873356071345
PTPKKMNIVT,=,65753.55056,P,T,P,K,K,M,N,I,V,T,-4.8179192088269325
ETINEEAAEW,=,66928.98567000001,E,T,I,N,E,E,A,A,E,W,-4.825614243182793
GAVVKSDNKL,=,67005.04,G,A,V,V,K,S,D,N,K,L,-4.826107470788382
ASPISSIFSR,>,70000.0,A,S,P,I,S,S,I,F,S,R,-4.845098040014256
ATLMKTSCSK,>,70000.0,A,T,L,M,K,T,S,C,S,K,-4.845098040014256
AVMAPRTHNR,>,70000.0,A,V,M,A,P,R,T,H,N,R,-4.845098040014256
CTEETKRNIA,>,70000.0,C,T,E,E,T,K,R,N,I,A,-4.845098040014256
CVDIFTEGKI,>,70000.0,C,V,D,I,F,T,E,G,K,I,-4.845098040014256
DVDIYDAVRA,>,70000.0,D,V,D,I,Y,D,A,V,R,A,-4.845098040014256
DVHIPKFKVT,>,70000.0,D,V,H,I,P,K,F,K,V,T,-4.845098040014256
EIITGNKVKT,>,70000.0,E,I,I,T,G,N,K,V,K,T,-4.845098040014256
ELPQWLSANR,>,70000.0,E,L,P,Q,W,L,S,A,N,R,-4.845098040014256
ELTNKKYRCM,>,70000.0,E,L,T,N,K,K,Y,R,C,M,-4.845098040014256
ETINEEAADW,>,70000.0,E,T,I,N,E,E,A,A,D,W,-4.845098040014256
ETNIGCAVNT,>,70000.0,E,T,N,I,G,C,A,V,N,T,-4.845098040014256
FASADNHPKM,>,70000.0,F,A,S,A,D,N,H,P,K,M,-4.845098040014256
FKRKGGIGGY,>,70000.0,F,K,R,K,G,G,I,G,G,Y,-4.845098040014256
FPVKPQVPLR,>,70000.0,F,P,V,K,P,Q,V,P,L,R,-4.845098040014256
FPVRPQVPLR,>,70000.0,F,P,V,R,P,Q,V,P,L,R,-4.845098040014256
FRDYVDRFYK,>,70000.0,F,R,D,Y,V,D,R,F,Y,K,-4.845098040014256
FSDGTWRDEY,>,70000.0,F,S,D,G,T,W,R,D,E,Y,-4.845098040014256
FSENTWRDEY,>,70000.0,F,S,E,N,T,W,R,D,E,Y,-4.845098040014256
FTIDNIVTSL,>,70000.0,F,T,I,D,N,I,V,T,S,L,-4.845098040014256
HTQGYFPDWQ,>,70000.0,H,T,Q,G,Y,F,P,D,W,Q,-4.845098040014256
IEIKDTKEAL,>,70000.0,I,E,I,K,D,T,K,E,A,L,-4.845098040014256
IPYLRNYMVI,>,70000.0,I,P,Y,L,R,N,Y,M,V,I,-4.845098040014256
IQTPTKLMNK,>,70000.0,I,Q,T,P,T,K,L,M,N,K,-4.845098040014256
ITDQTVNICI,>,70000.0,I,T,D,Q,T,V,N,I,C,I,-4.845098040014256
ITGNKVKTEL,>,70000.0,I,T,G,N,K,V,K,T,E,L,-4.845098040014256
KAMHDKKIDI,>,70000.0,K,A,M,H,D,K,K,I,D,I,-4.845098040014256
KAVRLIKFLY,>,70000.0,K,A,V,R,L,I,K,F,L,Y,-4.845098040014256
KIQLFSDFTI,>,70000.0,K,I,Q,L,F,S,D,F,T,I,-4.845098040014256
KPKPAVRYAI,>,70000.0,K,P,K,P,A,V,R,Y,A,I,-4.845098040014256
KRWIILGLNK,>,70000.0,K,R,W,I,I,L,G,L,N,K,-4.845098040014256
KRWIIMGLNK,>,70000.0,K,R,W,I,I,M,G,L,N,K,-4.845098040014256
KVALYRRIQR,>,70000.0,K,V,A,L,Y,R,R,I,Q,R,-4.845098040014256
LFCASDAKAY,>,70000.0,L,F,C,A,S,D,A,K,A,Y,-4.845098040014256
LRGKWQRRYR,>,70000.0,L,R,G,K,W,Q,R,R,Y,R,-4.845098040014256
LWVTDNNRSF,>,70000.0,L,W,V,T,D,N,N,R,S,F,-4.845098040014256
MVIENGILKK,>,70000.0,M,V,I,E,N,G,I,L,K,K,-4.845098040014256
NTANPDWDFN,>,70000.0,N,T,A,N,P,D,W,D,F,N,-4.845098040014256
NTQGYFPDWQ,>,70000.0,N,T,Q,G,Y,F,P,D,W,Q,-4.845098040014256
PIQKETWDTW,>,70000.0,P,I,Q,K,E,T,W,D,T,W,-4.845098040014256
PLPVSRLVSL,>,70000.0,P,L,P,V,S,R,L,V,S,L,-4.845098040014256
PMIIGEPIIV,>,70000.0,P,M,I,I,G,E,P,I,I,V,-4.845098040014256
PVIDRLPSET,>,70000.0,P,V,I,D,R,L,P,S,E,T,-4.845098040014256
QNGALAINTF,>,70000.0,Q,N,G,A,L,A,I,N,T,F,-4.845098040014256
QPTPLSPPLR,>,70000.0,Q,P,T,P,L,S,P,P,L,R,-4.845098040014256
QTRSKAGLLV,>,70000.0,Q,T,R,S,K,A,G,L,L,V,-4.845098040014256
QTVEDEARRM,>,70000.0,Q,T,V,E,D,E,A,R,R,M,-4.845098040014256
QVPLRPMTFK,>,70000.0,Q,V,P,L,R,P,M,T,F,K,-4.845098040014256
QVPLRPMTSK,>,70000.0,Q,V,P,L,R,P,M,T,S,K,-4.845098040014256
RGPGRAFVTI,>,70000.0,R,G,P,G,R,A,F,V,T,I,-4.845098040014256
RLRPGGKKKY,>,70000.0,R,L,R,P,G,G,K,K,K,Y,-4.845098040014256
RPALVFDITK,>,70000.0,R,P,A,L,V,F,D,I,T,K,-4.845098040014256
RPDTRHLRVL,>,70000.0,R,P,D,T,R,H,L,R,V,L,-4.845098040014256
RPNNNTRKSI,>,70000.0,R,P,N,N,N,T,R,K,S,I,-4.845098040014256
RRQDILDLWI,>,70000.0,R,R,Q,D,I,L,D,L,W,I,-4.845098040014256
RRWIQLGLQK,>,70000.0,R,R,W,I,Q,L,G,L,Q,K,-4.845098040014256
SAEDNYLAKL,>,70000.0,S,A,E,D,N,Y,L,A,K,L,-4.845098040014256
SAQNISFKSI,>,70000.0,S,A,Q,N,I,S,F,K,S,I,-4.845098040014256
SFSLESDSIK,>,70000.0,S,F,S,L,E,S,D,S,I,K,-4.845098040014256
SGPSNTYPEI,>,70000.0,S,G,P,S,N,T,Y,P,E,I,-4.845098040014256
SLTIKDSSNK,>,70000.0,S,L,T,I,K,D,S,S,N,K,-4.845098040014256
SMYPSCCCTK,>,70000.0,S,M,Y,P,S,C,C,C,T,K,-4.845098040014256
STTFHQTLQD,>,70000.0,S,T,T,F,H,Q,T,L,Q,D,-4.845098040014256
SVDFVVNGHT,>,70000.0,S,V,D,F,V,V,N,G,H,T,-4.845098040014256
TAAQAAVVRF,>,70000.0,T,A,A,Q,A,A,V,V,R,F,-4.845098040014256
TIDNIVTSLA,>,70000.0,T,I,D,N,I,V,T,S,L,A,-4.845098040014256
TIEGRKVMLY,>,70000.0,T,I,E,G,R,K,V,M,L,Y,-4.845098040014256
TPGPGIRYPL,>,70000.0,T,P,G,P,G,I,R,Y,P,L,-4.845098040014256
TPGPGTRYPL,>,70000.0,T,P,G,P,G,T,R,Y,P,L,-4.845098040014256
TQLFKYVPSA,>,70000.0,T,Q,L,F,K,Y,V,P,S,A,-4.845098040014256
TSNLQEQIGW,>,70000.0,T,S,N,L,Q,E,Q,I,G,W,-4.845098040014256
TSTLQEQIAW,>,70000.0,T,S,T,L,Q,E,Q,I,A,W,-4.845098040014256
TTAQGTSMYP,>,70000.0,T,T,A,Q,G,T,S,M,Y,P,-4.845098040014256
TVYYGVPVWK,>,70000.0,T,V,Y,Y,G,V,P,V,W,K,-4.845098040014256
VGSQGENQLY,>,70000.0,V,G,S,Q,G,E,N,Q,L,Y,-4.845098040014256
VHPVHAGPIA,>,70000.0,V,H,P,V,H,A,G,P,I,A,-4.845098040014256
VIRHVDGKIL,>,70000.0,V,I,R,H,V,D,G,K,I,L,-4.845098040014256
VLPHLCLDYK,>,70000.0,V,L,P,H,L,C,L,D,Y,K,-4.845098040014256
VPVWKEATTT,>,70000.0,V,P,V,W,K,E,A,T,T,T,-4.845098040014256
VTDTNKFAHY,>,70000.0,V,T,D,T,N,K,F,A,H,Y,-4.845098040014256
VTGSYNLVDT,>,70000.0,V,T,G,S,Y,N,L,V,D,T,-4.845098040014256
VTKSSSWKDV,>,70000.0,V,T,K,S,S,S,W,K,D,V,-4.845098040014256
VTNLISETLK,>,70000.0,V,T,N,L,I,S,E,T,L,K,-4.845098040014256
VTTHKYAGPY,>,70000.0,V,T,T,H,K,Y,A,G,P,Y,-4.845098040014256
YCHGILLKDV,>,70000.0,Y,C,H,G,I,L,L,K,D,V,-4.845098040014256
YVARVSSNSR,>,70000.0,Y,V,A,R,V,S,S,N,S,R,-4.845098040014256
YVPSAEDNYL,>,70000.0,Y,V,P,S,A,E,D,N,Y,L,-4.845098040014256
PLEGSEDRII,=,72456.88373,P,L,E,G,S,E,D,R,I,I,-4.8600796516973
FPVTPQVPLR,>,77777.77777999999,F,P,V,T,P,Q,V,P,L,R,-4.89085553058734
HPRVSSEVHI,>,77777.77777999999,H,P,R,V,S,S,E,V,H,I,-4.89085553058734
IYQEPFKNLK,>,77777.77777999999,I,Y,Q,E,P,F,K,N,L,K,-4.89085553058734
RIRTWKSLVK,>,77777.77777999999,R,I,R,T,W,K,S,L,V,K,-4.89085553058734
RQDILDLWIY,>,77777.77777999999,R,Q,D,I,L,D,L,W,I,Y,-4.89085553058734
TSTVEEQIQW,>,77777.77777999999,T,S,T,V,E,E,Q,I,Q,W,-4.89085553058734
TNIRQAGVQY,=,137281.2946,T,N,I,R,Q,A,G,V,Q,Y,-5.137611366039196
IRQAGVQYSR,=,161538.4615,I,R,Q,A,G,V,Q,Y,S,R,-5.208275942323678
